Uniprot ID;Sequence;gene number
P0A993;MKTLGEFIVEKQHEFSHATGELTALLSAIKLGAKIIHRDINKAGLVDILGASGAENVQGEVQQKLDLFANEKLKAALKARDIVAGIASEEEDEIVVFEGCEHAKYVVLMDPLDGSSNIDVNVSVGTIFSIYRRVTPVGTPVTEEDFLQPGNKQVAAGYVVYGSSTMLVYTTGCGVHAFTYDPSLGVFCLCQERMRFPEKGKTYSINEGNYIKFPNGVKKYIKFCQEEDKSTNRPYTSRYIGSLVADFHRNLLKGGIYLYPSTASHPDGKLRLLYECNPMAFLAEQAGGKASDGKERILDIIPETLHQRRSFFVGNDHMVEDVERFIREFPDA;b4232
P05041;MKTLSPAVITLLWRQDAAEFYFSRLSHLPWAMLLHSGYADHPYSRFDIVVAEPICTLTTFGKETVVSESEKRTTTTDDPLQVLQQVLDRADIRPTHNEDLPFQGGALGLFGYDLGRRFESLPEIAEQDIVLPDMAVGIYDWALIVDHQRHTVSLLSHNDVNARRAWLESQQFSPQEDFTLTSDWQSNMTREQYGEKFRQVQEYLHSGDCYQVNLAQRFHATYSGDEWQAFLQLNQANRAPFSAFLRLEQGAILSLSPERFILCDNSEIQTRPIKGTLPRLPDPQEDSKQAVKLANSAKDRAENLMIVDLMRNDIGRVAVAGSVKVPELFVVEPFPAVHHLVSTITAQLPEQLHASDLLRAAFPGGSITGAPKVRAMEIIDELEPQRRNAWCGSIGYLSFCGNMDTSITIRTLTAINGQIFCSAGGGIVADSQEEAEYQETFDKVNRILKQLEK;b1812
P0A6W0;MAVAMDNAILENILRQVRPLIGQGKVADYIPALATVDGSRLGIAICTVDGQLFQAGDAQERFSIQSISKVLSLVVAMRHYSEEEIWQRVGKDPSGSPFNSLVQLEMEQGIPRNPFINAGALVVCDMLQGRLSAPRQRMLEVVRGLSGVSDISYDTVVARSEFEHSARNAAIAWLMKSFGNFHHDVTTVLQNYFHYCALKMSCVELARTFVFLANQGKAIHIDEPVVTPMQARQINALMATSGMYQNAGEFAWRVGLPAKSGVGGGIVAIVPHEMAIAVWSPELDDAGNSLAGIAVLEQLTKQLGRSVY;b1524
P69054;MIRNVKKQRPVNLDLQTIRFPITAIASILHRVSGVITFVAVGILLWLLGTSLSSPEGFEQASAIMGSFFVKFIMWGILTALAYHVVVGIRHMMMDFGYLEETFEAGKRSAKISFVITVVLSLLAGVLVW;b0721
P0A991;MTDIAQLLGKDADNLLQHRCMTIPSDQLYLPGHDYVDRVMIDNNRPPAVLRNMQTLYNTGRLAGTGYLSILPVDQGVEHSAGASFAANPLYFDPKNIVELAIEAGCNCVASTYGVLASVSRRYAHRIPFLVKLNHNETLSYPNTYDQTLYASVEQAFNMGAVAVGATIYFGSEESRRQIEEISAAFERAHELGMVTVLWAYLRNSAFKKDGVDYHVSADLTGQANHLAATIGADIVKQKMAENNGGYKAINYGYTDDRVYSKLTSENPIDLVRYQLANCYMGRAGLINSGGAAGGETDLSDAVRTAVINKRAGGMGLILGRKAFKKSMADGVKLINAVQDVYLDSKITIA;b2097
P26459;MWDVIDLSRWQFALTALYHFLFVPLTLGLIFLLAIMETIYVVTGKTIYRDMTRFWGKLFGINFALGVATGLTMEFQFGTNWSFYSNYVGDIFGAPLAMEALMAFFLESTFVGLFFFGWQRLNKYQHLLVTWLVAFGSNLSALWILNANGWMQYPTGAHFDIDTLRMEMTSFSELVFNPVSQVKFVHTVMAGYVTGAMFIMAISAWYLLRGRERNVALRSFAIGSVFGTLAIIGTLQLGDSSAYEVAQVQPVKLAAMEGEWQTEPAPAPFHVVAWPEQDQERNAFALKIPALLGILATHSLDKPVPGLKNLMAETYPRLQRGRMAWLLMQEISQGNREPHVLQAFRGLEGDLGYGMLLSRYAPDMNHVTAAQYQAAMRGAIPQVAPVFWSFRIMVGCGSLLLLVMLIALVQTLRGKIDQHRWVLKMALWSLPLPWIAIEAGWFMTEFGRQPWAIQDILPTYSAHSALTTGQLAFSLIMIVGLYTLFLIAEVYLMQKYARLGPSAMQSEQPTQQQG;b0978
P0ABA4;MSEFITVARPYAKAAFDFAVEHQSVERWQDMLAFAAEVTKNEQMAELLSGALAPETLAESFIAVCGEQLDENGQNLIRVMAENGRLNALPDVLEQFIHLRAVSEATAEVDVISAAALSEQQLAKISAAMEKRLSRKVKLNCKIDKSVMAGVIIRAGDMVIDGSVRGRLERLADVLQS;b3735
P07014;MRLEFSIYRYNPDVDDAPRMQDYTLEADEGRDMMLLDALIQLKEKDPSLSFRRSCREGVCGSDGLNMNGKNGLACITPISALNQPGKKIVIRPLPGLPVIRDLVVDMGQFYAQYEKIKPYLLNNGQNPPAREHLQMPEQREKLDGLYECILCACCSTSCPSFWWNPDKFIGPAGLLAAYRFLIDSRDTETDSRLDGLSDAFSVFRCHSIMNCVSVCPKGLNPTRAIGHIKSMLLQRNA;b0724
P00363;MQTFQADLAIVGAGGAGLRAAIAAAQANPNAKIALISKVYPMRSHTVAAEGGSAAVAQDHDSFEYHFHDTVAGGDWLCEQDVVDYFVHHCPTEMTQLELWGCPWSRRPDGSVNVRRFGGMKIERTWFAADKTGFHMLHTLFQTSLQFPQIQRFDEHFVLDILVDDGHVRGLVAMNMMEGTLVQIRANAVVMATGGAGRVYRYNTNGGIVTGDGMGMALSHGVPLRDMEFVQYHPTGLPGSGILMTEGCRGEGGILVNKNGYRYLQDYGMGPETPLGEPKNKYMELGPRDKVSQAFWHEWRKGNTISTPRGDVVYLDLRHLGEKKLHERLPFICELAKAYVGVDPVKEPIPVRPTAHYTMGGIETDQNCETRIKGLFAVGECSSVGLHGANRLGSNSLAELVVFGRLAGEQATERAATAGNGNEAAIEAQAAGVEQRLKDLVNQDGGENWAKIRDEMGLAMEEGCGIYRTPELMQKTIDKLAELQERFKRVRITDTSSVFNTDLLYTIELGHGLNVAECMAHSAMARKESRGAHQRLDEGCTERDDVNFLKHTLAFRDADGTTRLEYSDVKITTLPPAKRVYGGEADAADKAEAANKKEKANG;b4154
P61889;MKVAVLGAAGGIGQALALLLKTQLPSGSELSLYDIAPVTPGVAVDLSHIPTAVKIKGFSGEDATPALEGADVVLISAGVARKPGMDRSDLFNVNAGIVKNLVQQVAKTCPKACIGIITNPVNTTVAIAAEVLKKAGVYDKNKLFGVTTLDIIRSNTFVAELKGKQPGEVEVPVIGGHSGVTILPLLSQVPGVSFTEQEVADLTKRIQNAGTEVVEAKAGGGSATLSMGQAAARFGLSLVRALQGEQGVVECAYVEGDGQYARFFSQPLLLGKNGVEERKSIGTLSAFEQNALEGMLDTLKKDIALGEEFVNK;b3236
P0AFG8;MSERFPNDVDPIETRDWLQAIESVIREEGVERAQYLIDQLLAEARKGGVNVAAGTGISNYINTIPVEEQPEYPGNLELERRIRSAIRWNAIMTVLRASKKDLELGGHMASFQSSATIYDVCFNHFFRARNEQDGGDLVYFQGHISPGVYARAFLEGRLTQEQLDNFRQEVHGNGLSSYPHPKLMPEFWQFPTVSMGLGPIGAIYQAKFLKYLEHRGLKDTSKQTVYAFLGDGEMDEPESKGAITIATREKLDNLVFVINCNLQRLDGPVTGNGKIINELEGIFEGAGWNVIKVMWGSRWDELLRKDTSGKLIQLMNETVDGDYQTFKSKDGAYVREHFFGKYPETAALVADWTDEQIWALNRGGHDPKKIYAAFKKAQETKGKATVILAHTIKGYGMGDAAEGKNIAHQVKKMNMDGVRHIRDRFNVPVSDADIEKLPYITFPEGSEEHTYLHAQRQKLHGYLPSRQPNFTEKLELPSLQDFGALLEEQSKEISTTIAFVRALNVMLKNKSIKDRLVPIIADEARTFGMEGLFRQIGIYSPNGQQYTPQDREQVAYYKEDEKGQILQEGINELGAGCSWLAAATSYSTNNLPMIPFYIYYSMFGFQRIGDLCWAAGDQQARGFLIGGTSGRTTLNGEGLQHEDGHSHIQSLTIPNCISYDPAYAYEVAVIMHDGLERMYGEKQENVYYYITTLNENYHMPAMPEGAEEGIRKGIYKLETIEGSKGKVQLLGSGSILRHVREAAEILAKDYGVGSDVYSVTSFTELARDGQDCERWNMLHPLETPRVPYIAQVMNDAPAVASTDYMKLFAEQVRTYVPADDYRVLGTDGFGRSDSRENLRHHFEVDASYVVVAALGELAKRGEIDKKVVADAIAKFNIDADKVNPRLA;b0114
P25516;MSSTLREASKDTLQAKDKTYHYYSLPLAAKSLGDITRLPKSLKVLLENLLRWQDGNSVTEEDIHALAGWLKNAHADREIAYRPARVLMQDFTGVPAVVDLAAMREAVKRLGGDTAKVNPLSPVDLVIDHSVTVDRFGDDEAFEENVRLEMERNHERYVFLKWGKQAFSRFSVVPPGTGICHQVNLEYLGKAVWSELQDGEWIAYPDTLVGTDSHTTMINGLGVLGWGVGGIEAEAAMLGQPVSMLIPDVVGFKLTGKLREGITATDLVLTVTQMLRKHGVVGKFVEFYGDGLDSLPLADRATIANMSPEYGATCGFFPIDAVTLDYMRLSGRSEDQVELVEKYAKAQGMWRNPGDEPIFTSTLELDMNDVEASLAGPKRPQDRVALPDVPKAFAASNELEVNATHKDRQPVDYVMNGHQYQLPDGAVVIAAITSCTNTSNPSVLMAAGLLAKKAVTLGLKRQPWVKASLAPGSKVVSDYLAKAKLTPYLDELGFNLVGYGCTTCIGNSGPLPDPIETAIKKSDLTVGAVLSGNRNFEGRIHPLVKTNWLASPPLVVAYALAGNMNINLASEPIGHDRKGDPVYLKDIWPSAQEIARAVEQVSTEMFRKEYAEVFEGTAEWKGINVTRSDTYGWQEDSTYIRLSPFFDEMQATPAPVEDIHGARILAMLGDSVTTDHISPAGSIKPDSPAGRYLQGRGVERKDFNSYGSRRGNHEVMMRGTFANIRIRNEMVPGVEGGMTRHLPDSDVVSIYDAAMRYKQEQTPLAVIAGKEYGSGSSRDWAAKGPRLLGIRVVIAESFERIHRSNLIGMGILPLEFPQGVTRKTLGLTGEEKIDIGDLQNLQPGATVPVTLTRADGSQEVVPCRCRIDTATELTYYQNDGILHYVIRNMLK;b1276
P33599;MTDLTAQEPAWQTRDHLDDPVIGELRNRFGPDAFTVQATRTGVPVVWIKREQLLEVGDFLKKLPKPYVMLFDLHGMDERLRTHREGLPAADFSVFYHLISIDRNRDIMLKVALAENDLHVPTFTKLFPNANWYERETWDLFGITFDGHPNLRRIMMPQTWKGHPLRKDYPARATEFSPFELTKAKQDLEMEALTFKPEEWGMKRGTENEDFMFLNLGPNHPSAHGAFRIVLQLDGEEIVDCVPDIGYHHRGAEKMGERQSWHSYIPYTDRIEYLGGCVNEMPYVLAVEKLAGITVPDRVNVIRVMLSELFRINSHLLYISTFIQDVGAMTPVFFAFTDRQKIYDLVEAITGFRMHPAWFRIGGVAHDLPRGWDRLLREFLDWMPKRLASYEKAALQNTILKGRSQGVAAYGAKEALEWGTTGAGLRATGIDFDVRKARPYSGYENFDFEIPVGGGVSDCYTRVMLKVEELRQSLRILEQCLNNMPEGPFKADHPLTTPPPKERTLQHIETLITHFLQVSWGPVMPANESFQMIEATKGINSYYLTSDGSTMSYRTRVRTPSFAHLQQIPAAIRGSLVSDLIVYLGSIDFVMSDVDR;b2286
P06959;MAIEIKVPDIGADEVEITEILVKVGDKVEAEQSLITVEGDKASMEVPSPQAGIVKEIKVSVGDKTQTGALIMIFDSADGAADAAPAQAEEKKEAAPAAAPAAAAAKDVNVPDIGSDEVEVTEILVKVGDKVEAEQSLITVEGDKASMEVPAPFAGTVKEIKVNVGDKVSTGSLIMVFEVAGEAGAAAPAAKQEAAPAAAPAPAAGVKEVNVPDIGGDEVEVTEVMVKVGDKVAAEQSLITVEGDKASMEVPAPFAGVVKELKVNVGDKVKTGSLIMIFEVEGAAPAAAPAKQEAAAPAPAAKAEAPAAAPAAKAEGKSEFAENDAYVHATPLIRRLAREFGVNLAKVKGTGRKGRILREDVQAYVKEAIKRAEAAPAATGGGIPGMLPWPKVDFSKFGEIEEVELGRIQKISGANLSRNWVMIPHVTHFDKTDITELEAFRKQQNEEAAKRKLDVKITPVVFIMKAVAAALEQMPRFNSSLSEDGQRLTLKKYINIGVAVDTPNGLVVPVFKDVNKKGIIELSRELMTISKKARDGKLTAGEMQGGCFTISSIGGLGTTHFAPIVNAPEVAILGVSKSAMEPVWNGKEFVPRLMLPISLSFDHRVIDGADGARFITIINNTLSDIRRLVM;b0115
P0A9M8;MSRIIMLIPTGTSVGLTSVSLGVIRAMERKGVRLSVFKPIAQPRTGGDAPDQTTTIVRANSSTTTAAEPLKMSYVEGLLSSNQKDVLMEEIVANYHANTKDAEVVLVEGLVPTRKHQFAQSLNYEIAKTLNAEIVFVMSQGTDTPEQLKERIELTRNSFGGAKNTNITGVIVNKLNAPVDEQGRTRPDLSEIFDDSSKAKVNNVDPAKLQESSPLPVLGAVPWSFDLIATRAIDMARHLNATIINEGDINTRRVKSVTFCARSIPHMLEHFRAGSLLVTSADRPDVLVAACLAAMNGVEIGALLLTGGYEMDARISKLCERAFATGLPVFMVNTNTWQTSLSLQSFNLEVPVDDHERIEKVQEYVANYINADWIESLTATSERSRRLSPPAFRYQLTELARKAGKRIVLPEGDEPRTVKAAAICAERGIATCVLLGNPAEINRVAASQGVELGAGIEIVDPEVVRESYVGRLVELRKNKGMTETVAREQLEDNVVLGTLMLEQDEVDGLVSGAVHTTANTIRPPLQLIKTAPGSSLVSSVFFMLLPEQVYVYGDCAINPDPTAEQLAEIAIQSADSAAAFGIEPRVAMLSYSTGTSGAGSDVEKVREATRLAQEKRPDLMIDGPLQYDAAVMADVAKSKAPNSPVAGRATVFIFPDLNTGNTTYKAVQRSADLISIGPMLQGMRKPVNDLSRGALVDDIVYTIALTAIQSAQQQ;b2297
P00370;MDQTYSLESFLNHVQKRDPNQTEFAQAVREVMTTLWPFLEQNPKYRQMSLLERLVEPERVIQFRVVWVDDRNQIQVNRAWRVQFSSAIGPYKGGMRFHPSVNLSILKFLGFEQTFKNALTTLPMGGGKGGSDFDPKGKSEGEVMRFCQALMTELYRHLGADTDVPAGDIGVGGREVGFMAGMMKKLSNNTACVFTGKGLSFGGSLIRPEATGYGLVYFTEAMLKRHGMGFEGMRVSVSGSGNVAQYAIEKAMEFGARVITASDSSGTVVDESGFTKEKLARLIEIKASRDGRVADYAKEFGLVYLEGQQPWSLPVDIALPCATQNELDVDAAHQLIANGVKAVAEGANMPTTIEATELFQQAGVLFAPGKAANAGGVATSGLEMAQNAARLGWKAEKVDARLHHIMLDIHHACVEHGGEGEQTNYVQGANIAGFVKVADAMLAQGVI;b1761
P77218;MIIERCRELALRAPARVVFPDALDQRVLKAAQYLHQQGLATPILVANPFELRQFALSHGVAMDGLQVIDPHGNLAMREEFAHRWLARAGEKTPPDALEKLTDPLMFAAAMVSAGKADVCIAGNLSSTANVLRAGLRIIGLQPGCKTLSSIFLMLPQYSGPALGFADCSVVPQPTAAQLADIALASAETWRAITGEEPRVAMLSFSSNGSARHPCVANVQQATEIVRERAPKLVVDGELQFDAAFVPEVAAQKAPASPLQGKANVMVFPSLEAGNIGYKIAQRLGGYRAVGPLIQGLAAPMHDLSRGCSVQEIIELALVAAVPRQTEVNRESSLQTLVE;b2458
P37351;MKKIAFGCDHVGFILKHEIVAHLVERGVEVIDKGTWSSERTDYPHYASQVALAVAGGEVDGGILICGTGVGISIAANKFAGIRAVVCSEPYSAQLSRQHNDTNVLAFGSRVVGLELAKMIVDAWLGAQYEGGRHQQRVEAITAIEQRRN;b4090
P0A9Q7;MAVTNVAELNALVERVKKAQREYASFTQEQVDKIFRAAALAAADARIPLAKMAVAESGMGIVEDKVIKNHFASEYIYNAYKDEKTCGVLSEDDTFGTITIAEPIGIICGIVPTTNPTSTAIFKSLISLKTRNAIIFSPHPRAKDATNKAADIVLQAAIAAGAPKDLIGWIDQPSVELSNALMHHPDINLILATGGPGMVKAAYSSGKPAIGVGAGNTPVVIDETADIKRAVASVLMSKTFDNGVICASEQSVVVVDSVYDAVRERFATHGGYLLQGKELKAVQDVILKNGALNAAIVGQPAYKIAELAGFSVPENTKILIGEVTVVDESEPFAHEKLSPTLAMYRAKDFEDAVEKAEKLVAMGGIGHTSCLYTDQDNQPARVSYFGQKMKTARILINTPASQGGIGDLYNFKLAPSLTLGCGSWGGNSISENVGPKHLINKKTVAKRAENMLWHKLPKSIYFRRGSLPIALDEVITDGHKRALIVTDRFLFNNGYADQITSVLKAAGVETEVFFEVEADPTLSIVRKGAELANSFKPDVIIALGGGSPMDAAKIMWVMYEHPETHFEELALRFMDIRKRIYKFPKMGVKAKMIAVTTTSGTGSEVTPFAVVTDDATGQKYPLADYALTPDMAIVDANLVMDMPKSLCAFGGLDAVTHAMEAYVSVLASEFSDGQALQALKLLKEYLPASYHEGSKNPVARERVHSAATIAGIAFANAFLGVCHSMAHKLGSQFHIPHGLANALLICNVIRYNANDNPTKQTAFSQYDRPQARRRYAEIADHLGLSAPGDRTAAKIEKLLAWLETLKAELGIPKSIREAGVQEADFLANVDKLSEDAFDDQCTGANPRYPLISELKQILLDTYYGRDYVEGETAAKKEAAPAKAEKKAKKSA;b1241
P0AFG3;MQNSALKAWLDSSYLSGANQSWIEQLYEDFLTDPDSVDANWRSTFQQLPGTGVKPDQFHSQTREYFRRLAKDASRYSSTISDPDTNVKQVKVLQLINAYRFRGHQHANLDPLGLWQQDKVADLDPSFHDLTEADFQETFNVGSFASGKETMKLGELLEALKQTYCGPIGAEYMHITSTEEKRWIQQRIESGRATFNSEEKKRFLSELTAAEGLERYLGAKFPGAKRFSLEGGDALIPMLKEMIRHAGNSGTREVVLGMAHRGRLNVLVNVLGKKPQDLFDEFAGKHKEHLGTGDVKYHMGFSSDFQTDGGLVHLALAFNPSHLEIVSPVVIGSVRARLDRLDEPSSNKVLPITIHGDAAVTGQGVVQETLNMSKARGYEVGGTVRIVINNQVGFTTSNPLDARSTPYCTDIGKMVQAPIFHVNADDPEAVAFVTRLALDFRNTFKRDVFIDLVCYRRHGHNEADEPSATQPLMYQKIKKHPTPRKIYADKLEQEKVATLEDATEMVNLYRDALDAGDCVVAEWRPMNMHSFTWSPYLNHEWDEEYPNKVEMKRLQELAKRISTVPEAVEMQSRVAKIYGDRQAMAAGEKLFDWGGAENLAYATLVDEGIPVRLSGEDSGRGTFFHRHAVIHNQSNGSTYTPLQHIHNGQGAFRVWDSVLSEEAVLAFEYGYATAEPRTLTIWEAQFGDFANGAQVVIDQFISSGEQKWGRMCGLVMLLPHGYEGQGPEHSSARLERYLQLCAEQNMQVCVPSTPAQVYHMLRRQALRGMRRPLVVMSPKSLLRHPLAVSSLEELANGTFLPAIGEIDELDPKGVKRVVMCSGKVYYDLLEQRRKNNQHDVAIVRIEQLYPFPHKAMQEVLQQFAHVKDFVWCQEEPLNQGAWYCSQHHFREVIPFGASLRYAGRPASASPAVGYMSVHQKQQQDLVNDALNVE;b0726
P11868;MNEFPVVLVINCGSSSIKFSVLDASDCEVLMSGIADGINSENAFLSVNGGEPAPLAHHSYEGALKAIAFELEKRNLNDSVALIGHRIAHGGSIFTESAIITDEVIDNIRRVSPLAPLHNYANLSGIESAQQLFPGVTQVAVFDTSFHQTMAPEAYLYGLPWKYYEELGVRRYGFHGTSHRYVSQRAHSLLNLAEDDSGLVVAHLGNGASICAVRNGQSVDTSMGMTPLEGLMMGTRSGDVDFGAMSWVASQTNQSLGDLERVVNKESGLLGISGLSSDLRVLEKAWHEGHERAQLAIKTFVHRIARHIAGHAASLRRLDGIIFTGGIGENSSLIRRLVMEHLAVLGLEIDTEMNNRSNSCGERIVSSENARVICAVIPTNEEKMIALDAIHLGKVNAPAEFA;b3115
P78061;METNIVEVENFVQQSEERRGSAFTQEVKRYLERYPNTQYVDVLLTDLNGCFRGKRIPVSSLKKLEKGCYFPASVFAMDILGNVVEEAGLGQEMGEPDRTCVPVLGSLTPSAADPEFIGQMLLTMVDEDGAPFDVEPRNVLNRLWQQLRQRGLFPVVAVELEFYLLDRQRDAEGYLQPPCAPGTDDRNTQSQVYSVDNLNHFADVLNDIDELAQLQLIPADGAVAEASPGQFEINLYHTDNVLEACDDALALKRLVRLMAEKHKMHATFMAKPYEEHAGSGMHIHISMQNNRGENVLSDAEGEDSPLLKKMLAGMIDLMPSSMALLAPNVNSYRRFQPGMYVPTQASWGHNNRTVALRIPCGDRHNHRVEYRVAGADANPYLVMAAIFAGILHGLDNELPLQEEVEGNGLEQEGLPFPIRQSDALGEFIENDHLRRYLGERFCHVYHACKNDELLQFERLITETEIEWMLKNA;b1297
P00864;MNEQYSALRSNVSMLGKVLGETIKDALGEHILERVETIRKLSKSSRAGNDANRQELLTTLQNLSNDELLPVARAFSQFLNLANTAEQYHSISPKGEAASNPEVIARTLRKLKNQPELSEDTIKKAVESLSLELVLTAHPTEITRRTLIHKMVEVNACLKQLDNKDIADYEHNQLMRRLRQLIAQSWHTDEIRKLRPSPVDEAKWGFAVVENSLWQGVPNYLRELNEQLEENLGYKLPVEFVPVRFTSWMGGDRDGNPNVTADITRHVLLLSRWKATDLFLKDIQVLVSELSMVEATPELLALVGEEGAAEPYRYLMKNLRSRLMATQAWLEARLKGEELPKPEGLLTQNEELWEPLYACYQSLQACGMGIIANGDLLDTLRRVKCFGVPLVRIDIRQESTRHTEALGELTRYLGIGDYESWSEADKQAFLIRELNSKRPLLPRNWQPSAETREVLDTCQVIAEAPQGSIAAYVISMAKTPSDVLAVHLLLKEAGIGFAMPVAPLFETLDDLNNANDVMTQLLNIDWYRGLIQGKQMVMIGYSDSAKDAGVMAASWAQYQAQDALIKTCEKAGIELTLFHGRGGSIGRGGAPAHAALLSQPPGSLKGGLRVTEQGEMIRFKYGLPEITVSSLSLYTGAILEANLLPPPEPKESWRRIMDELSVISCDVYRGYVRENKDFVPYFRSATPEQELGKLPLGSRPAKRRPTGGVESLRAIPWIFAWTQNRLMLPAWLGAGTALQKVVEDGKQSELEAMCRDWPFFSTRLGMLEMVFAKADLWLAEYYDQRLVDKALWPLGKELRNLQEEDIKVVLAIANDSHLMADLPWIAESIQLRNIYTDPLNVLQAELLHRSRQAEKEGQEPDPRVEQALMVTIAGIAAGMRNTG;b3956
P37330;MSQTITQSRLRIDANFKRFVDEEVLPGTGLDAAAFWRNFDEIVHDLAPENRQLLAERDRIQAALDEWHRSNPGPVKDKAAYKSFLRELGYLVPQPERVTVETTGIDSEITSQAGPQLVVPAMNARYALNAANARWGSLYDALYGSDIIPQEGAMVSGYDPQRGEQVIAWVRRFLDESLPLENGSYQDVVAFKVVDKQLRIQLKNGKETTLRTPAQFVGYRGDAAAPTCILLKNNGLHIELQIDANGRIGKDDPAHINDVIVEAAISTILDCEDSVAAVDAEDKILLYRNLLGLMQGTLQEKMEKNGRQIVRKLNDDRHYTAADGSEISLHGRSLLFIRNVGHLMTIPVIWDSEGNEIPEGILDGVMTGAIALYDLKVQKNSRTGSVYIVKPKMHGPQEVAFANKLFTRIETMLGMAPNTLKMGIMDEERRTSLNLRSCIAQARNRVAFINTGFLDRTGDEMHSVMEAGPMLRKNQMKSTPWIKAYERNNVLSGLFCGLRGKAQIGKGMWAMPDLMADMYSQKGDQLRAGANTAWVPSPTAATLHALHYHQTNVQSVQANIAQTEFNAEFEPLLDDLLTIPVAENANWSAQEIQQELDNNVQGILGYVVRWVEQGIGCSKVPDIHNVALMEDRATLRISSQHIANWLRHGILTKEQVQASLENMAKVVDQQNAGDPAYRPMAGNFANSCAFKAASDLIFLGVKQPNGYTEPLLHAWRLREKESH;b2976
P0A870;MTDKLTSLRQYTTVVADTGDIAAMKLYQPQDATTNPSLILNAAQIPEYRKLIDDAVAWAKQQSNDRAQQIVDATDKLAVNIGLEILKLVPGRISTEVDARLSYDTEASIAKAKRLIKLYNDAGISNDRILIKLASTWQGIRAAEQLEKEGINCNLTLLFSFAQARACAEAGVFLISPFVGRILDWYKANTDKKEYAPAEDPGVVSVSEIYQYYKEHGYETVVMGASFRNIGEILELAGCDRLTIAPALLKELAESEGAIERKLSYTGEVKARPARITESEFLWQHNQDPMAVDKLAEGIRKFAIDQEKLEKMIGDLL;b0008
P0AC47;MAEMKNLKIEVVRYNPEVDTAPHSAFYEVPYDATTSLLDALGYIKDNLAPDLSYRWSCRMAICGSCGMMVNNVPKLACKTFLRDYTDGMKVEALANFPIERDLVVDMTHFIESLEAIKPYIIGNSRTADQGTNIQTPAQMAKYHQFSGCINCGLCYAACPQFGLNPEFIGPAAITLAHRYNEDSRDHGKKERMAQLNSQNGVWSCTFVGYCSEVCPKHVDPAAAIQQGKVESSKDFLIATLKPR;b4153
P76558;MDDQLKQSALDFHEFPVPGKIQVSPTKPLATQRDLALAYSPGVAAPCLEIEKDPLKAYKYTARGNLVAVISNGTAVLGLGNIGALAGKPVMEGKGVLFKKFAGIDVFDIEVDELDPDKFIEVVAALEPTFGGINLEDIKAPECFYIEQKLRERMNIPVFHDDQHGTAIISTAAILNGLRVVEKNISDVRMVVSGAGAAAIACMNLLVALGLQKHNIVVCDSKGVIYQGREPNMAETKAAYAVVDDGKRTLDDVIEGADIFLGCSGPKVLTQEMVKKMARAPMILALANPEPEILPPLAKEVRPDAIICTGRSDYPNQVNNVLCFPFIFRGALDVGATAINEEMKLAAVRAIAELAHAEQSEVVASAYGDQDLSFGPEYIIPKPFDPRLIVKIAPAVAKAAMESGVATRPIADFDVYIDKLTEFVYKTNLFMKPIFSQARKAPKRVVLPEGEEARVLHATQELVTLGLAKPILIGRPNVIEMRIQKLGLQIKAGVDFEIVNNESDPRFKEYWTEYFQIMKRRGVTQEQAQRALISNPTVIGAIMVQRGEADAMICGTVGDYHEHFSVVKNVFGYRDGVHTAGAMNALLLPSGNTFIADTYVNDEPDAEELAEITLMAAETVRRFGIEPRVALLSHSNFGSSDCPSSSKMRQALELVRERAPELMIDGEMHGDAALVEAIRNDRMPDSSLKGSANILVMPNMEAARISYNLLRVSSSEGVTVGPVLMGVAKPVHVLTPIASVRRIVNMVALAVVEAQTQPL;b2463
P0AFG6;MSSVDILVPDLPESVADATVATWHKKPGDAVVRDEVLVEIETDKVVLEVPASADGILDAVLEDEGTTVTSRQILGRLREGNSAGKETSAKSEEKASTPAQRQQASLEEQNNDALSPAIRRLLAEHNLDASAIKGTGVGGRLTREDVEKHLAKAPAKESAPAAAAPAAQPALAARSEKRVPMTRLRKRVAERLLEAKNSTAMLTTFNEVNMKPIMDLRKQYGEAFEKRHGIRLGFMSFYVKAVVEALKRYPEVNASIDGDDVVYHNYFDVSMAVSTPRGLVTPVLRDVDTLGMADIEKKIKELAVKGRDGKLTVEDLTGGNFTITNGGVFGSLMSTPIINPPQSAILGMHAIKDRPMAVNGQVEILPMMYLALSYDHRLIDGRESVGFLVTIKELLEDPTRLLLDV;b0727
P0A799;MSVIKMTDLDLAGKRVFIRADLNVPVKDGKVTSDARIRASLPTIELALKQGAKVMVTSHLGRPTEGEYNEEFSLLPVVNYLKDKLSNPVRLVKDYLDGVDVAEGELVVLENVRFNKGEKKDDETLSKKYAALCDVFVMDAFGTAHRAQASTHGIGKFADVACAGPLLAAELDALGKALKEPARPMVAIVGGSKVSTKLTVLDSLSKIADQLIVGGGIANTFIAAQGHDVGKSLYEADLVDEAKRLLTTCNIPVPSDVRVATEFSETAPATLKSVNDVKADEQILDIGDASAQELAEILKNAKTILWNGPVGVFEFPNFRKGTEIVANAIADSEAFSIAGGGDTLAAIDLFGIADKISYISTGGGAFLEFVEGKVLPAVAMLEERAKK;b2926
P33221;MTLLGTALRPAATRVMLLGSGELGKEVAIECQRLGVEVIAVDRYADAPAMHVAHRSHVINMLDGDALRRVVELEKPHYIVPEIEAIATDMLIQLEEEGLNVVPCARATKLTMNREGIRRLAAEELQLPTSTYRFADSESLFREAVADIGYPCIVKPVMSSSGKGQTFIRSAEQLAQAWKYAQQGGRAGAGRVIVEGVVKFDFEITLLTVSAVDGVHFCAPVGHRQEDGDYRESWQPQQMSPLALERAQEIARKVVLALGGYGLFGVELFVCGDEVIFSEVSPRPHDTGMVTLISQDLSEFALHVRAFLGLPVGGIRQYGPAASAVILPQLTSQNVTFDNVQNAVGADLQIRLFGKPEIDGSRRLGVALATAESVVDAIERAKHAAGQVKVQG;b1849
P0AGE9;MSILIDKNTKVICQGFTGSQGTFHSEQAIAYGTKMVGGVTPGKGGTTHLGLPVFNTVREAVAATGATASVIYVPAPFCKDSILEAIDAGIKLIITITEGIPTLDMLTVKVKLDEAGVRMIGPNCPGVITPGECKIGIQPGHIHKPGKVGIVSRSGTLTYEAVKQTTDYGFGQSTCVGIGGDPIPGSNFIDILEMFEKDPQTEAIVMIGEIGGSAEEEAAAYIKEHVTKPVVGYIAGVTAPKGKRMGHAGAIIAGGKGTADEKFAALEAAGVKTVRSLADIGEALKTVLK;b0729
P0AFD6;MTLKELLVGFGTQVRSIWMIGLHAFAKRETRMYPEEPVYLPPRYRGRIVLTRDPDGEERCVACNLCAVACPVGCISLQKAETKDGRWYPEFFRINFSRCIFCGLCEEACPTTAIQLTPDFEMGEYKRQDLVYEKEDLLISGPGKYPEYNFYRMAGMAIDGKDKGEAENEAKPIDVKSLLP;b2281
P0AB71;MSKIFDFVKPGVITGDDVQKVFQVAKENNFALPAVNCVGTDSINAVLETAAKVKAPVIVQFSNGGASFIAGKGVKSDVPQGAAILGAISGAHHVHQMAEHYGVPVILHTDHCAKKLLPWIDGLLDAGEKHFAATGKPLFSSHMIDLSEESLQENIEICSKYLERMSKIGMTLEIELGCTGGEEDGVDNSHMDASALYTQPEDVDYAYTELSKISPRFTIAASFGNVHGVYKPGNVVLTPTILRDSQEYVSKKHNLPHNSLNFVFHGGSGSTAQEIKDSVSYGVVKMNIDTDTQWATWEGVLNYYKANEAYLQGQLGNPKGEDQPNKKYYDPRVWLRAGQTSMIARLEKAFQELNAIDVL;b2925
P0A858;MRHPLVMGNWKLNGSRHMVHELVSNLRKELAGVAGCAVAIAPPEMYIDMAKREAEGSHIMLGAQNVDLNLSGAFTGETSAAMLKDIGAQYIIIGHSERRTYHKESDELIAKKFAVLKEQGLTPVLCIGETEAENEAGKTEEVCARQIDAVLKTQGAAAFEGAVIAYEPVWAIGTGKSATPAQAQAVHKFIRDHIAKVDANIAEQVIIQYGGSVNASNAAELFAQPDIDGALVGGASLKADAFAVIVKAAEAAKQA;b3919
P0ABC0;MSVSLVSRNVARKLLLVQLLVVIASGLLFSLKDPFWGVSAISGGLAVFLPNVLFMIFAWRHQAHTPAKGRVAWTFAFGEAFKVLAMLVLLVVALAVLKAVFLPLIVTWVLVLVVQILAPAVINNKG;b3739
P26616;MEPKTKKQRSLYIPYAGPVLLEFPLLNKGSAFSMEERRNFNLLGLLPEVVETIEEQAERAWIQYQGFKTEIDKHIYLRNIQDTNETLFYRLVNNHLDEMMPVIYTPTVGAACERFSEIYRRSRGVFISYQNRHNMDDILQNVPNHNIKVIVVTDGERILGLGDQGIGGMGIPIGKLSLYTACGGISPAYTLPVVLDVGTNNQQLLNDPLYMGWRNPRITDDEYYEFVDEFIQAVKQRWPDVLLQFEDFAQKNAMPLLNRYRNEICSFNDDIQGTAAVTVGTLIAASRAAGGQLSEKKIVFLGAGSAGCGIAEMIISQTQREGLSEEAARQKVFMVDRFGLLTDKMPNLLPFQTKLVQKRENLSDWDTDSDVLSLLDVVRNVKPDILIGVSGQTGLFTEEIIREMHKHCPRPIVMPLSNPTSRVEATPQDIIAWTEGNALVATGSPFNPVVWKDKIYPIAQCNNAFIFPGIGLGVIASGASRITDEMLMSASETLAQYSPLVLNGEGMVLPELKDIQKVSRAIAFAVGKMAQQQGVAVKTSAEALQQAIDDNFWQAEYRDYRRTSI;b1479
P32675;MTSSAGQRISCNVVETRRDDVARIFNIQRYSLNDGEGIRTVVFFKGCPHLCPWCANPESISGKIQTVRREAKCLHCAKCLRDADECPSGAFERIGRDISLDALEREVMKDDIFFRTSGGGVTLSGGEVLMQAEFATRFLQRLRLWGVSCAIETAGDAPASKLLPLAKLCDEVLFDLKIMDATQARDVVKMNLPRVLENLRLLVSEGVNVIPRLPLIPGFTLSRENMQQALDVLIPLNIRQIHLLPFHQYGEPKYRLLGKTWSMKEVPAPSSADVATMREMAERAGLQVTVGG;b3952
P77454;MLDANKLQQAVDQAYTQFHSLNGGQNADYIPFLANVPGQLAAVAIVTCDGNVYSAGDSDYRFALESISKVCTLALALEDVGPQAVQDKIGADPTGLPFNSVIALELHGGKPLSPLVNAGAIATTSLINAENVEQRWQRILHIQQQLAGEQVALSDEVNQSEQTTNFHNRAIAWLLYSAGYLYCDAMEACDVYTRQCSTLLNTIELATLGATLAAGGVNPLTHKRVLQADNVPYILAEMMMEGLYGRSGDWAYRVGLPGKSGVGGGILAVVPGVMGIAAFSPPLDEDGNSVRGQKMVASVAKQLGYNVFKG;b0485
P62707;MAVTKLVLVRHGESQWNKENRFTGWYDVDLSEKGVSEAKAAGKLLKEEGYSFDFAYTSVLKRAIHTLWNVLDELDQAWLPVEKSWKLNERHYGALQGLNKAETAEKYGDEQVKQWRRGFAVTPPELTKDDERYPGHDPRYAKLSEKELPLTESLALTIDRVIPYWNETILPRMKSGERVIIAAHGNSLRALVKYLDNMSEEEILELNIPTGVPLVYEFDENFKPLKRYYLGNADEIAAKAAAVANQGKAK;b0755
P0AFE8;MLLPWLILIPFIGGFLCWQTERFGVKVPRWIALITMGLTLALSLQLWLQGGYSLTQSAGIPQWQSEFDMPWIPRFGISIHLAIDGLSLLMVVLTGLLGVLAVLCSWKEIEKYQGFFHLNLMWILGGVIGVFLAIDMFLFFFFWEMMLVPMYFLIALWGHKASDGKTRITAATKFFIYTQASGLVMLIAILALVFVHYNATGVWTFNYEELLNTPMSSGVEYLLMLGFFIAFAVKMPVVPLHGWLPDAHSQAPTAGSVDLAGILLKTAAYGLLRFSLPLFPNASAEFAPIAMWLGVIGIFYGAWMAFAQTDIKRLIAYTSVSHMGFVLIAIYTGSQLAYQGAVIQMIAHGLSAAGLFILCGQLYERIHTRDMRMMGGLWSKMKWLPALSLFFAVATLGMPGTGNFVGEFMILFGSFQVVPVITVISTFGLVFASVYSLAMLHRAYFGKAKSQIASQELPGMSLRELFMILLLVVLLVLLGFYPQPILDTSHSAIGNIQQWFVNSVTTTRP;b2277
P0AC33;MSNKPFHYQAPFPLKKDDTEYYLLTSEHVSVSEFEGQEILKVAPEALTLLARQAFHDASFMLRPAHQQQVADILRDPEASENDKYVALQFLRNSDIAAKGVLPTCQDTGTAIIVGKKGQRVWTGGGDEAALARGVYNTYIEDNLRYSQNAPLDMYKEVNTGTNLPAQIDLYAVDGDEYKFLCIAKGGGSANKTYLYQETKALLTPGKLKNYLVEKMRTLGTAACPPYHIAFVIGGTSAETNLKTVKLASAKYYDELPTEGNEHGQAFRDVELEKELLIEAQNLGLGAQFGGKYFAHDIRVIRLPRHGASCPVGMGVSCSADRNIKAKINRQGIWIEKLEHNPGKYIPEELRKAGEGEAVRVDLNRPMKEILAQLSQYPVSTRLSLNGTIIVGRDIAHAKLKERMDNGEGLPQYIKDHPIYYAGPAKTPEGYASGSLGPTTAGRMDSYVDQLQAQGGSMIMLAKGNRSQQVTDACKKHGGFYLGSIGGPAAVLAQGSIKSLECVEYPELGMEAIWKIEVEDFPAFILVDDKGNDFFQQIQLTQCTRCVK;b1612
P05042;MNTVRSEKDSMGAIDVPADKLWGAQTQRSLEHFRISTEKMPTSLIHALALTKRAAAKVNEDLGLLSEEKASAIRQAADEVLAGQHDDEFPLAIWQTGSGTQSNMNMNEVLANRASELLGGVRGMERKVHPNDDVNKSQSSNDVFPTAMHVAALLALRKQLIPQLKTLTQTLNEKSRAFADIVKIGRTHLQDATPLTLGQEISGWVAMLEHNLKHIEYSLPHVAELALGGTAVGTGLNTHPEYARRVADELAVITCAPFVTAPNKFEALATCDALVQAHGALKGLAASLMKIANDVRWLASGPRCGIGEISIPENEPGSSIMPGKVNPTQCEALTMLCCQVMGNDVAINMGGASGNFELNVFRPMVIHNFLQSVRLLADGMESFNKHCAVGIEPNRERINQLLNESLMLVTALNTHIGYDKAAEIAKKAHKEGLTLKAAALALGYLSEAEFDSWVRPEQMVGSMKAGR;b1611
P0A6E6;MAMTYHLDVVSAEQQMFSGLVEKIQVTGSEGELGIYPGHAPLLTAIKPGMIRIVKQHGHEEFIYLSGGILEVQPGNVTVLADTAIRGQDLDEARAMEAKRKAEEHISSSHGDVDYAQASAELAKAIAQLRVIELTKKAM;b3731
P08997;MTEQATTTDELAFTRPYGEQEKQILTAEAVEFLTELVTHFTPQRNKLLAARIQQQQDIDNGTLPDFISETASIRDADWKIRGIPADLEDRRVEITGPVERKMVINALNANVKVFMADFEDSLAPDWNKVIDGQINLRDAVNGTISYTNEAGKIYQLKPNPAVLICRVRGLHLPEKHVTWRGEAIPGSLFDFALYFFHNYQALLAKGSGPYFYLPKTQSWQEAAWWSEVFSYAEDRFNLPRGTIKATLLIETLPAVFQMDEILHALRDHIVGLNCGRWDYIFSYIKTLKNYPDRVLPDRQAVTMDKPFLNAYSRLLIKTCHKRGAFAMGGMAAFIPSKDEEHNNQVLNKVKADKSLEANNGHDGTWIAHPGLADTAMAVFNDILGSRKNQLEVMREQDAPITADQLLAPCDGERTEEGMRANIRVAVQYIEAWISGNGCVPIYGLMEDAATAEISRTSIWQWIHHQKTLSNGKPVTKALFRQMLGEEMKVIASELGEERFSQGRFDDAARLMEQITTSDELIDFLTLPGYRLLA;b4014
P0A796;MIKKIGVLTSGGDAPGMNAAIRGVVRSALTEGLEVMGIYDGYLGLYEDRMVQLDRYSVSDMINRGGTFLGSARFPEFRDENIRAVAIENLKKRGIDALVVIGGDGSYMGAMRLTEMGFPCIGLPGTIDNDIKGTDYTIGFFTALSTVVEAIDRLRDTSSSHQRISVVEVMGRYCGDLTLAAAIAGGCEFVVVPEVEFSREDLVNEIKAGIAKGKKHAIVAITEHMCDVDELAHFIEKETGRETRATVLGHIQRGGSPVPYDRILASRMGAYAIDLLLAGYGGRCVGIQNEQLVHHDIIDAIENMKRPFKGDWLDCAKKLY;b3916
P0A836;MNLHEYQAKQLFARYGLPAPVGYACTTPREAEEAASKIGAGPWVVKCQVHAGGRGKAGGVKVVNSKEDIRAFAENWLGKRLVTYQTDANGQPVNQILVEAATDIAKELYLGAVVDRSSRRVVFMASTEGGVEIEKVAEETPHLIHKVALDPLTGPMPYQGRELAFKLGLEGKLVQQFTKIFMGLATIFLERDLALIEINPLVITKQGDLICLDGKLGADGNALFRQPDLREMRDQSQEDPREAQAAQWELNYVALDGNIGCMVNGAGLAMGTMDIVKLHGGEPANFLDVGGGATKERVTEAFKIILSDDKVKAVLVNIFGGIVRCDLIADGIIGAVAEVGVNVPVVVRLEGNNAELGAKKLADSGLNIIAAKGLTDAAQQVVAAVEGK;b0728
P0AFE0;MEFAFYICGLIAILATLRVITHTNPVHALLYLIISLLAISGVFFSLGAYFAGALEIIVYAGAIMVLFVFVVMMLNLGGSEIEQERQWLKPQVWIGPAILSAIMLVVIVYAILGVNDQGIDGTPISAKAVGITLFGPYVLAVELASMLLLAGLVVAFHVGREERAGEVLSNRKDDSAKRKTEEHA;b2280
P0A6T1;MKNINPTQTAAWQALQKHFDEMKDVTIADLFAKDGDRFSKFSATFDDQMLVDYSKNRITEETLAKLQDLAKECDLAGAIKSMFSGEKINRTENRAVLHVALRNRSNTPILVDGKDVMPEVNAVLEKMKTFSEAIISGEWKGYTGKAITDVVNIGIGGSDLGPYMVTEALRPYKNHLNMHFVSNVDGTHIAEVLKKVNPETTLFLVASKTFTTQETMTNAHSARDWFLKAAGDEKHVAKHFAALSTNAKAVGEFGIDTANMFEFWDWVGGRYSLWSAIGLSIVLSIGFDNFVELLSGAHAMDKHFSTTPAEKNLPVLLALIGIWYNNFFGAETEAILPYDQYMHRFAAYFQQGNMESNGKYVDRNGNVVDYQTGPIIWGEPGTNGQHAFYQLIHQGTKMVPCDFIAPAITHNPLSDHHQKLLSNFFAQTEALAFGKSREVVEQEYRDQGKDPATLDYVVPFKVFEGNRPTNSILLREITPFSLGALIALYEHKIFTQGVILNIFTFDQWGVELGKQLANRILPELKDDKEISSHDSSTNGLINRYKAWRG;b4025
P39362;MILHPSLASANPLHYGRELTALDNLDFGSLHLDIEDSSFINNITFGMKTVQAVARQTPHPLSFHFMLARPQRWFNALAEIRPAWIFVHAETLDYPSETLTEIRHTGARAGLVFNPATPIDAWRYLASELDGVMVMTSEPDGQGQRFIPSMCEKIQKVRTAFPQTECWADGGITLAAAQQLAAAGAQHMVIGRALFSSSDYRATLAQFATL;b4301
P77580;MSKRKVAIIGSGNIGTDLMIKILRHGQHLEMAVMVGIDPQSDGLARARRMGVATTHEGVIGLMNMPEFADIDIVFDATSAGAHVKNDAALREAKPDIRLIDLTPAAIGPYCVPVVNLEANVDQLNVNMVTCGGQATIPMVAAVSRVARVHYAEIIASIASKSAGPGTRANIDEFTETTSRAIEVVGGAAKGKAIIVLNPAEPPLMMRDTVYVLSDEASQDDIEASINEMAEAVQAYVPGYRLKQRVQFEVIPQDKPVNLPGVGQFSGLKTAVWLEVEGAAHYLPAYAGNLDIMTSSALATAEKMAQSLARKAGEAA;b0351
P36683;MLEEYRKHVAERAAEGIAPKPLDANQMAALVELLKNPPAGEEEFLLDLLTNRVPPGVDEAAYVKAGFLAAIAKGEAKSPLLTPEKAIELLGTMQGGYNIHPLIDALDDAKLAPIAAKALSHTLLMFDNFYDVEEKAKAGNEYAKQVMQSWADAEWFLNRPALAEKLTVTVFKVTGETNTDDLSPAPDAWSRPDIPLHALAMLKNAREGIEPDQPGVVGPIKQIEALQQKGFPLAYVGDVVGTGSSRKSATNSVLWFMGDDIPHVPNKRGGGLCLGGKIAPIFFNTMEDAGALPIEVDVSNLNMGDVIDVYPYKGEVRNHETGELLATFELKTDVLIDEVRAGGRIPLIIGRGLTTKAREALGLPHSDVFRQAKDVAESDRGFSLAQKMVGRACGVKGIRPGAYCEPKMTSVGSQDTTGPMTRDELKDLACLGFSADLVMQSFCHTAAYPKPVDVNTHHTLPDFIMNRGGVSLRPGDGVIHSWLNRMLLPDTVGTGGDSHTRFPIGISFPAGSGLVAFAAATGVMPLDMPESVLVRFKGKMQPGITLRDLVHAIPLYAIKQGLLTVEKKGKKNIFSGRILEIEGLPDLKVEQAFELTDASAERSAAGCTIKLNKEPIIEYLNSNIVLLKWMIAEGYGDRRTLERRIQGMEKWLANPELLEADADAEYAAVIDIDLADIKEPILCAPNDPDDARPLSAVQGEKIDEVFIGSCMTNIGHFRAAGKLLDAHKGQLPTRLWVAPPTRMDAAQLTEEGYYSVFGKSGARIEIPGCSLCMGNQARVADGATVVSTSTRNFPNRLGTGANVFLASAELAAVAALIGKLPTPEEYQTYVAQVDKTAVDTYRYLNFNQLSQYTEKADGVIFQTAV;b0118
P0AFD1;MHENQQPQTEAFELSAAEREAIEHEMHHYEDPRAASIEALKIVQKQRGWVPDGAIHAIADVLGIPASDVEGVATFYSQIFRQPVGRHVIRYCDSVVCHINGYQGIQAALEKKLNIKPGQTTFDGRFTLLPTCCLGNCDKGPNMMIDEDTHAHLTPEAIPELLERYK;b2285
P0A9G6;MKTRTQQIEELQKEWTQPRWEGITRPYSAEDVVKLRGSVNPECTLAQLGAAKMWRLLHGESKKGYINSLGALTGGQALQQAKAGIEAVYLSGWQVAADANLAASMYPDQSLYPANSVPAVVERINNTFRRADQIQWSAGIEPGDPRYVDYFLPIVADAEAGFGGVLNAFELMKAMIEAGAAAVHFEDQLASVKKCGHMGGKVLVPTQEAIQKLVAARLAADVTGVPTLLVARTDADAADLITSDCDPYDSEFITGERTSEGFFRTHAGIEQAISRGLAYAPYADLVWCETSTPDLELARRFAQAIHAKYPGKLLAYNCSPSFNWQKNLDDKTIASFQQQLSDMGYKFQFITLAGIHSMWFNMFDLANAYAQGEGMKHYVEKVQQPEFAAAKDGYTFVSHQQEVGTGYFDKVTTIIQGGTSSVTALTGSTEESQF;b4015
P0AFD4;MSWISPELIEILLTILKAVVILLVVVTCGAFMSFGERRLLGLFQNRYGPNRVGWGGSLQLVADMIKMFFKEDWIPKFSDRVIFTLAPMIAFTSLLLAFAIVPVSPGWVVADLNIGILFFLMMAGLAVYAVLFAGWSSNNKYSLLGAMRASAQTLSYEVFLGLSLMGVVAQAGSFNMTDIVNSQAHVWNVIPQFFGFITFAIAGVAVCHRHPFDQPEAEQELADGYHIEYSGMKFGLFFVGEYIGIVTISALMVTLFFGGWQGPLLPPFIWFALKTAFFMMMFILIRASLPRPRYDQVMSFGWKICLPLTLINLLVTAAVILWQAQ;b2282
P52643;MKLAVYSTKQYDKKYLQQVNESFGFELEFFDFLLTEKTAKTANGCEAVCIFVNDDGSRPVLEELKKHGVKYIALRCAGFNNVDLDAAKELGLKVVRVPAYDPEAVAEHAIGMMMTLNRRIHRAYQRTRDANFSLEGLTGFTMYGKTAGVIGTGKIGVAMLRILKGFGMRLLAFDPYPSAAALELGVEYVDLPTLFSESDVISLHCPLTPENYHLLNEAAFEQMKNGVMIVNTSRGALIDSQAAIEALKNQKIGSLGMDVYENERDLFFEDKSNDVIQDDVFRRLSACHNVLFTGHQAFLTAEALTSISQTTLQNLSNLEKGETCPNELV;b1380
P0ABA6;MAGAKEIRSKIASVQNTQKITKAMEMVAASKMRKSQDRMAASRPYAETMRKVIGHLAHGNLEYKHPYLEDRDVKRVGYLVVSTDRGLCGGLNINLFKKLLAEMKTWTDKGVQCDLAMIGSKGVSFFNSVGGNVVAQVTGMGDNPSLSELIGPVKVMLQAYDEGRLDKLYIVSNKFINTMSQVPTISQLLPLPASDDDDLKHKSWDYLYEPDPKALLDTLLRRYVESQVYQGVVENLASEQAARMVAMKAATDNGGSLIKELQLVYNKARQASITQELTEIVSGAAAV;b3733
P0A7Z0;MTQDELKKAVGWAALQYVQPGTIVGVGTGSTAAHFIDALGTMKGQIEGAVSSSDASTEKLKSLGIHVFDLNEVDSLGIYVDGADEINGHMQMIKGGGAALTREKIIASVAEKFICIADASKQVDILGKFPLPVEVIPMARSAVARQLVKLGGRPEYRQGVVTDNGNVILDVHGMEILDPIAMENAINAIPGVVTVGLFANRGADVALIGTPDGVKTIVK;b2914
P0A7A2;MLQVYLVRHGETQWNAERRIQGQSDSPLTAKGEQQAMQVATRAKELGITHIISSDLGRTRRTAEIIAQACGCDIIFDSRLRELNMGVLEKRHIDSLTEEEENWRRQLVNGTVDGRIPEGESMQELSDRVNAALESCRDLPQGSRPLLVSHGIALGCLVSTILGLPAWAERRLRLRNCSISRVDYQESLWLASGWVVETAGDISHLDAPALDELQR;b4395
P0ABK2;MIDYEVLRFIWWLLVGVLLIGFAVTDGFDMGVGMLTRFLGRNDTERRIMINSIAPHWDGNQVWLITAGGALFAAWPMVYAAAFSGFYVAMILVLASLFFRPVGFDYRSKIEETRWRNMWDWGIFIGSFVPPLVIGVAFGNLLQGVPFNVDEYLRLYYTGNFFQLLNPFGLLAGVVSVGMIITQGATYLQMRTVGELHLRTRATAQVAALVTLVCFALAGVWVMYGIDGYVVKSTMDHYAASNPLNKEVVREAGAWLVNFNNTPILWAIPALGVVLPLLTILTARMDKAAWAFVFSSLTLACIILTAGIAMFPFVMPSSTMMNASLTMWDATSSQLTLNVMTWVAVVLVPIILLYTAWCYWKMFGRITKEDIERNTHSLY;b0734
P06999;MVRIYTLTLAPSLDSATITPQIYPEGKLRCTAPVFEPGGGGINVARAIAHLGGSATAIFPAGGATGEHLVSLLADENVPVATVEAKDWTRQNLHVHVEASGEQYRFVMPGAALNEDEFRQLEEQVLEIESGAILVISGSLPPGVKLEKLTQLISAAQKQGIRCIVDSSGEALSAALAIGNIELVKPNQKELSALVNRELTQPDDVRKAAQEIVNSGKAKRVVVSLGPQGALGVDSENCIQVVPPPVKSQSTVGAGDSMVGAMTLKLAENASLEEMVRFGVAAGSAATLNQGTRLCSHDDTQKIYAYLSR;b1723
P27302;MSSRKELANAIRALSMDAVQKAKSGHPGAPMGMADIAEVLWRDFLKHNPQNPSWADRDRFVLSNGHGSMLIYSLLHLTGYDLPMEELKNFRQLHSKTPGHPEVGYTAGVETTTGPLGQGIANAVGMAIAEKTLAAQFNRPGHDIVDHYTYAFMGDGCMMEGISHEVCSLAGTLKLGKLIAFYDDNGISIDGHVEGWFTDDTAMRFEAYGWHVIRDIDGHDAASIKRAVEEARAVTDKPSLLMCKTIIGFGSPNKAGTHDSHGAPLGDAEIALTREQLGWKYAPFEIPSEIYAQWDAKEAGQAKESAWNEKFAAYAKAYPQEAAEFTRRMKGEMPSDFDAKAKEFIAKLQANPAKIASRKASQNAIEAFGPLLPEFLGGSADLAPSNLTLWSGSKAINEDAAGNYIHYGVREFGMTAIANGISLHGGFLPYTSTFLMFVEYARNAVRMAALMKQRQVMVYTHDSIGLGEDGPTHQPVEQVASLRVTPNMSTWRPCDQVESAVAWKYGVERQDGPTALILSRQNLAQQERTEEQLANIARGGYVLKDCAGQPELIFIATGSEVELAVAAYEKLTAEGVKARVVSMPSTDAFDKQDAAYRESVLPKAVTARVAVEAGIADYWYKYVGLNGAIVGMTTFGESAPAELLFEEFGFTVDNVVAKAKELL;b2935
P0A8Q0;MTTKRKPYVRPMTSTWWKKLPFYRFYMLREGTAVPAVWFSIELIFGLFALKNGPEAWAGFVDFLQNPVIVIINLITLAAALLHTKTWFELAPKAANIIVKDEKMGPEPIIKSLWAVTVVATIVILFVALYW;b4152
P06149;MSSMTTTDNKAFLNELARLVGSSHLLTDPAKTARYRKGFRSGQGDALAVVFPGSLLELWRVLKACVTADKIILMQAANTGLTEGSTPNGNDYDRDVVIISTLRLDKLHVLGKGEQVLAYPGTTLYSLEKALKPLGREPHSVIGSSCIGASVIGGICNNSGGSLVQRGPAYTEMSLFARINEDGKLTLVNHLGIDLGETPEQILSKLDDDRIKDDDVRHDGRHAHDYDYVHRVRDIEADTPARYNADPDRLFESSGCAGKLAVFAVRLDTFEAEKNQQVFYIGTNQPEVLTEIRRHILANFENLPVAGEYMHRDIYDIAEKYGKDTFLMIDKLGTDKMPFFFNLKGRTDAMLEKVKFFRPHFTDRAMQKFGHLFPSHLPPRMKNWRDKYEHHLLLKMAGDGVGEAKSWLVDYFKQAEGDFFVCTPEEGSKAFLHRFAAAGAAIRYQAVHSDEVEDILALDIALRRNDTEWYEHLPPEIDSQLVHKLYYGHFMCYVFHQDYIVKKGVDVHALKEQMLELLQQRGAQYPAEHNVGHLYKAPETLQKFYRENDPTNSMNPGIGKTSKRKNWQEVE;b2133
P27306;MPHSYDYDAIVIGSGPGGEGAAMGLVKQGARVAVIERYQNVGGGCTHWGTIPSKALRHAVSRIIEFNQNPLYSDHSRLLRSSFADILNHADNVINQQTRMRQGFYERNHCEILQGNARFVDEHTLALDCPDGSVETLTAEKFVIACGSRPYHPTDVDFTHPRIYDSDSILSMHHEPRHVLIYGAGVIGCEYASIFRGMDVKVDLINTRDRLLAFLDQEMSDSLSYHFWNSGVVIRHNEEYEKIEGCDDGVIMHLKSGKKLKADCLLYANGRTGNTDSLALQNIGLETDSRGQLKVNSMYQTAQPHVYAVGDVIGYPSLASAAYDQGRIAAQALVKGEATAHLIEDIPTGIYTIPEISSVGKTEQQLTAMKVPYEVGRAQFKHLARAQIVGMNVGTLKILFHRETKEILGIHCFGERAAEIIHIGQAIMEQKGGGNTIEYFVNTTFNYPTMAEAYRVAALNGLNRLF;b3962
P08200;MESKVVVPAQGKKITLQNGKLNVPENPIIPYIEGDGIGVDVTPAMLKVVDAAVEKAYKGERKISWMEIYTGEKSTQVYGQDVWLPAETLDLIREYRVAIKGPLTTPVGGGIRSLNVALRQELDLYICLRPVRYYQGTPSPVKHPELTDMVIFRENSEDIYAGIEWKADSADAEKVIKFLREEMGVKKIRFPEHCGIGIKPCSEEGTKRLVRAAIEYAIANDRDSVTLVHKGNIMKFTEGAFKDWGYQLAREEFGGELIDGGPWLKVKNPNTGKEIVIKDVIADAFLQQILLRPAEYDVIACMNLNGDYISDALAAQVGGIGIAPGANIGDECALFEATHGTAPKYAGQDKVNPGSIILSAEMMLRHMGWTEAADLIVKGMEGAINAKTVTYDFERLMDGAKLLKCSEFGDAIIENM;b1136
P0ABJ9;MLDIVELSRLQFALTAMYHFLFVPLTLGMAFLLAIMETVYVLSGKQIYKDMTKFWGKLFGINFALGVATGLTMEFQFGTNWSYYSHYVGDIFGAPLAIEGLMAFFLESTFVGLFFFGWDRLGKVQHMCVTWLVALGSNLSALWILVANGWMQNPIASDFNFETMRMEMVSFSELVLNPVAQVKFVHTVASGYVTGAMFILGISAWYMLKGRDFAFAKRSFAIAASFGMAAVLSVIVLGDESGYEMGDVQKTKLAAIEAEWETQPAPAAFTLFGIPDQEEETNKFAIQIPYALGIIATRSVDTPVIGLKELMVQHEERIRNGMKAYSLLEQLRSGSTDQAVRDQFNSMKKDLGYGLLLKRYTPNVADATEAQIQQATKDSIPRVAPLYFAFRIMVACGFLLLAIIALSFWSVIRNRIGEKKWLLRAALYGIPLPWIAVEAGWFVAEYGRQPWAIGEVLPTAVANSSLTAGDLIFSMVLICGLYTLFLVAELFLMFKFARLGPSSLKTGRYHFEQSSTTTQPAR;b0733
P14407;MSNKPFIYQAPFPMGKDNTEYYLLTSDYVSVADFDGETILKVEPEALTLLAQQAFHDASFMLRPAHQKQVAAILHDPEASENDKYVALQFLRNSEIAAKGVLPTCQDTGTAIIVGKKGQRVWTGGGDEETLSKGVYNTYIEDNLRYSQNAALDMYKEVNTGTNLPAQIDLYAVDGDEYKFLCVAKGGGSANKTYLYQETKALLTPGKLKNFLVEKMRTLGTAACPPYHIAFVIGGTSAETNLKTVKLASAHYYDELPTEGNEHGQAFRDVQLEQELLEEAQKLGLGAQFGGKYFAHDIRVIRLPRHGASCPVGMGVSCSADRNIKAKINREGIWIEKLEHNPGQYIPQELRQAGEGEAVKVDLNRPMKEILAQLSQYPVSTRLSLTGTIIVGRDIAHAKLKELIDAGKELPQYIKDHPIYYAGPAKTPAGYPSGSLGPTTAGRMDSYVDLLQSHGGSMIMLAKGNRSQQVTDACHKHGGFYLGSIGGPAAVLAQQSIKHLECVAYPELGMEAIWKIEVEDFPAFILVDDKGNDFFQQIVNKQCANCTK;b4122
P25437;MKSRAAVAFAPGKPLEIVEIDVAPPKKGEVLIKVTHTGVCHTDAFTLSGDDPEGVFPVVLGHEGAGVVVEVGEGVTSVKPGDHVIPLYTAECGECEFCRSGKTNLCVAVRETQGKGLMPDGTTRFSYNGQPLYHYMGCSTFSEYTVVAEVSLAKINPEANHEHVCLLGCGVTTGIGAVHNTAKVQPGDSVAVFGLGAIGLAVVQGARQAKAGRIIAIDTNPKKFDLARRFGATDCINPNDYDKPIKDVLLDINKWGIDHTFECIGNVNVMRAALESAHRGWGQSVIIGVAVAGQEISTRPFQLVTGRVWKGSAFGGVKGRSQLPGMVEDAMKGDIDLEPFVTHTMSLDEINDAFDLMHEGKSIRTVIRY;b0356
P07001;MRIGIPRERLTNETRVAATPKTVEQLLKLGFTVAVESGAGQLASFDDKAFVQAGAEIVEGNSVWQSEIILKVNAPLDDEIALLNPGTTLVSFIWPAQNPELMQKLAERNVTVMAMDSVPRISRAQSLDALSSMANIAGYRAIVEAAHEFGRFFTGQITAAGKVPPAKVMVIGAGVAGLAAIGAANSLGAIVRAFDTRPEVKEQVQSMGAEFLELDFKEEAGSGDGYAKVMSDAFIKAEMELFAAQAKEVDIIVTTALIPGKPAPKLITREMVDSMKAGSVIVDLAAQNGGNCEYTVPGEIFTTENGVKVIGYTDLPGRLPTQSSQLYGTNLVNLLKLLCKEKDGNITVDFDDVVIRGVTVIRAGEITWPAPPIQVSAQPQAAQKAAPEVKTEEKCTCSPWRKYALMALAIILFGWMASVAPKEFLGHFTVFALACVVGYYVVWNVSHALHTPLMSVTNAISGIIVVGALLQIGQGGWVSFLSFIAVLIASINIFGGFTVTQRMLKMFRKN;b1603
P0A9B2;MTIKVGINGFGRIGRIVFRAAQKRSDIEIVAINDLLDADYMAYMLKYDSTHGRFDGTVEVKDGHLIVNGKKIRVTAERDPANLKWDEVGVDVVAEATGLFLTDETARKHITAGAKKVVMTGPSKDNTPMFVKGANFDKYAGQDIVSNASCTTNCLAPLAKVINDNFGIIEGLMTTVHATTATQKTVDGPSHKDWRGGRGASQNIIPSSTGAAKAVGKVLPELNGKLTGMAFRVPTPNVSVVDLTVRLEKAATYEQIKAAVKAAAEGEMKGVLGYTEDDVVSTDFNGEVCTSVFDAKAGIALNDNFVKLVSWYDNETGYSNKVLDLIAHISK;b1779
P32674;MTNRISRLKTALFANTREISLERALLYTASHRQTEGEPVILRRAKATAYILEHVEISIRDEELIAGNRTVKPRAGIMSPEMDPYWLLKELDQFPTRPQDRFAISEEDKRIYREELFPYWEKRSMKDFINGQMTDEVKAATNTQIFSINQTDKGQGHIIIDYPRLLNHGLGELVAQMQQHCQQQPENHFYQAALLLLEASQKHILRYAELAETMAANCTDAQRREELLTIAEISRHNAQHKPQTFWQACQLFWYMNIILQYESNASSLSLGRFDQYMLPFYQTSLTQGEDAAFLKELLESLWVKCNDIVLLRSTSSARYFAGFPTGYTALLGGLTENGRSAVNVLSFLCLDAYQSVQLPQPNLGVRTNALIDTPFLMKTAETIRFGTGIPQIFNDEVVVPAFLNRGVSLEDARDYSVVGCVELSIPGRTYGLHDIAMFNLLKVMEICLHENEGNAALTYEGLLEQIRAKISHYITLMVEGSNICDIGHRDWAPVPLLSSFISDCLEKGRDITDGGARYNFSGVQGIGIANLSDSLHALKGMVFEQQRLSFDELLSVLKANFATPEGEKVRARLINRFEKYGNDIDEVDNISAELLRHYCKEVEKYQNPRGGYFTPGSYTVSAHVPLGSVVGATPDGRFAGEQLADGGLSPMLGQDAQGPTAVLKSVSKLDNTLLSNGTLLNVKFTPATLEGEAGLRKLADFLRAFTQLKLQHIQFNVVNADTLREAQQRPQDYAGLVVRVAGYSAFFVELSKEIQDDIIRRTAHQL;b3951
P0AFE4;MIPLQHGLILAAILFVLGLTGLVIRRNLLFMLIGLEIMINASALAFVVAGSYWGQTDGQVMYILAISLAAAEASIGLALLLQLHRRRQNLNIDSVSEMRG;b2279
P33607;MNMLALTIILPLIGFVLLAFSRGRWSENVSAIVGVGSVGLAALVTAFIGVDFFANGEQTYSQPLWTWMSVGDFNIGFNLVLDGLSLTMLSVVTGVGFLIHMYASWYMRGEEGYSRFFAYTNLFIASMVVLVLADNLLLMYLGWEGVGLCSYLLIGFYYTDPKNGAAAMKAFVVTRVGDVFLAFALFILYNELGTLNFREMVELAPAHFADGNNMLMWATLMLLGGAVGKSAQLPLQTWLADAMAGPTPVSALIHAATMVTAGVYLIARTHGLFLMTPEVLHLVGIVGAVTLLLAGFAALVQTDIKRVLAYSTMSQIGYMFLALGVQAWDAAIFHLMTHAFFKALLFLASGSVILACHHEQNIFKMGGLRKSIPLVYLCFLVGGAALSALPLVTAGFFSKDEILAGAMANGHINLMVAGLVGAFMTSLYTFRMIFIVFHGKEQIHAHAVKGVTHSLPLIVLLILSTFVGALIVPPLQGVLPQTTELAHGSMLTLEITSGVVAVVGILLAAWLWLGKRTLVTSIANSAPGRLLGTWWYNAWGFDWLYDKVFVKPFLGIAWLLKRDPLNSMMNIPAVLSRFAGKGLLLSENGYLRWYVASMSIGAVVVLALLMVLR;b2278
P0AG07;MKQYLIAPSILSADFARLGEDTAKALAAGADVVHFDVMDNHYVPNLTIGPMVLKSLRNYGITAPIDVHLMVKPVDRIVPDFAAAGASIITFHPEASEHVDRTLQLIKENGCKAGLVFNPATPLSYLDYVMDKLDVILLMSVNPGFGGQSFIPQTLDKLREVRRRIDESGFDIRLEVDGGVKVNNIGEIAAAGADMFVAGSAIFDQPDYKKVIDEMRSELAKVSHE;b3386
P31979;MKNIIRTPETHPLTWRLRDDKQPVWLDEYRSKNGYEGARKALTGLSPDEIVNQVKDAGLKGRGGAGFSTGLKWSLMPKDESMNIRYLLCNADEMEPGTYKDRLLMEQLPHLLVEGMLISAFALKAYRGYIFLRGEYIEAAVNLRRAIAEATEAGLLGKNIMGTGFDFELFVHTGAGRYICGEETALINSLEGRRANPRSKPPFPATSGAWGKPTCVNNVETLCNVPAILANGVEWYQNISKSKDAGTKLMGFSGRVKNPGLWELPFGTTAREILEDYAGGMRDGLKFKAWQPGGAGTDFLTEAHLDLPMEFESIGKAGSRLGTALAMAVDHEINMVSLVRNLEEFFARESCGWCTPCRDGLPWSVKILRALERGEGQPGDIETLEQLCRFLGPGKTFCAHAPGAVEPLQSAIKYFREEFEAGIKQPFSNTHLINGIQPNLLKERW;b2284
P33570;MSRKDLANAIRALSMDAVQKANSGHPGAPMGMADIAEVLWNDFLKHNPTDPTWYDRDRFILSNGHASMLLYSLLHLTGYDLPLEELKNFRQLHSKTPGHPEIGYTPGVETTTGPLGQGLANAVGLAIAERTLAAQFNQPDHEIVDHFTYVFMGDGCLMEGISHEVCSLAGTLGLGKLIGFYDHNGISIDGETEGWFTDDTAKRFEAYHWHVIHEIDGHDPQAVKEAILEAQSVKDKPSLIICRTVIGFGSPNKAGKEEAHGAPLGEEEVALARQKLGWHHPPFEIPKEIYHAWDAREKGEKAQQSWNEKFAAYKKAHPQLAEEFTRRMSGGLPKDWEKTTQKYINELQANPAKIATRKASQNTLNAYGPMLPELLGGSADLAPSNLTIWKGSVSLKEDPAGNYIHYGVREFGMTAIANGIAHHGGFVPYTATFLMFVEYARNAARMAALMKARQIMVYTHDSIGLGEDGPTHQAVEQLASLRLTPNFSTWRPCDQVEAAVGWKLAVERHNGPTALILSRQNLAQVERTPDQVKEIARGGYVLKDSGGKPDIILIATGSEMEITLQAAEKLAGEGRNVRVVSLPSTDIFDAQDEEYRESVLPSNVAARVAVEAGIADYWYKYVGLKGAIVGMTGYGESAPADKLFPFFGFTAENIVAKAHKVLGVKGA;b2465
P0A9P0;MSTEIKTQVVVLGAGPAGYSAAFRCADLGLETVIVERYNTLGGVCLNVGCIPSKALLHVAKVIEEAKALAEHGIVFGEPKTDIDKIRTWKEKVINQLTGGLAGMAKGRKVKVVNGLGKFTGANTLEVEGENGKTVINFDNAIIAAGSRPIQLPFIPHEDPRIWDSTDALELKEVPERLLVMGGGIIGLEMGTVYHALGSQIDVVEMFDQVIPAADKDIVKVFTKRISKKFNLMLETKVTAVEAKEDGIYVTMEGKKAPAEPQRYDAVLVAIGRVPNGKNLDAGKAGVEVDDRGFIRVDKQLRTNVPHIFAIGDIVGQPMLAHKGVHEGHVAAEVIAGKKHYFDPKVIPSIAYTEPEVAWVGLTEKEAKEKGISYETATFPWAASGRAIASDCADGMTKLIFDKESHRVIGGAIVGTNGGELLGEIGLAIEMGCDAEDIALTIHAHPTLHESVGLAAEVFEGSITDLPNPKAKKK;b0116
P09831;MLYDKSLERDNCGFGLIAHIEGEPSHKVVRTAIHALARMQHRGAILADGKTGDGCGLLLQKPDRFFRIVAQERGWRLAKNYAVGMLFLNKDPELAAAARRIVEEELQRETLSIVGWRDVPTNEGVLGEIALSSLPRIEQIFVNAPAGWRPRDMERRLFIARRRIEKRLEADKDFYVCSLSNLVNIYKGLCMPTDLPRFYLDLADLRLESAICLFHQRFSTNTVPRWPLAQPFRYLAHNGEINTITGNRQWARARTYKFQTPLIPDLHDAAPFVNETGSDSSSMDNMLELLLAGGMDIIRAMRLLVPPAWQNNPDMDPELRAFFDFNSMHMEPWDGPAGIVMSDGRFAACNLDRNGLRPARYVITKDKLITCASEVGIWDYQPDEVVEKGRVGPGELMVIDTRSGRILHSAETDDDLKSRHPYKEWMEKNVRRLVPFEDLPDEEVGSRELDDDTLASYQKQFNYSAEELDSVIRVLGENGQEAVGSMGDDTPFAVLSSQPRIIYDYFRQQFAQVTNPPIDPLREAHVMSLATSIGREMNVFCEAEGQAHRLSFKSPILLYSDFKQLTTMKEEHYRADTLDITFDVTKTTLEATVKELCDKAEKMVRSGTVLLVLSDRNIAKDRLPVPAPMAVGAIQTRLVDQSLRCDANIIVETASARDPHHFAVLLGFGATAIYPYLAYETLGRLVDTHAIAKDYRTVMLNYRNGINKGLYKIMSKMGISTIASYRCSKLFEAVGLHDDVVGLCFQGAVSRIGGASFEDFQQDLLNLSKRAWLARKPISQGGLLKYVHGGEYHAYNPDVVRTLQQAVQSGEYSDYQEYAKLVNERPATTLRDLLAITPGENAVNIADVEPASELFKRFDTAAMSIGALSPEAHEALAEAMNSIGGNSNSGEGGEDPARYGTNKVSRIKQVASGRFGVTPAYLVNADVIQIKVAQGAKPGEGGQLPGDKVTPYIAKLRYSVPGVTLISPPPHHDIYSIEDLAQLIFDLKQVNPKAMISVKLVSEPGVGTIATGVAKAYADLITIAGYDGGTGASPLSSVKYAGCPWELGLVETQQALVANGLRHKIRLQVDGGLKTGVDIIKAAILGAESFGFGTGPMVALGCKYLRICHLNNCATGVATQDDKLRKNHYHGLPFKVTNYFEFIARETRELMAQLGVTRLVDLIGRTDLLKELDGFTAKQQKLALSKLLETAEPHPGKALYCTENNPPFDNGLLNAQLLQQAKPFVDERQSKTFWFDIRNTDRSVGASLSGYIAQTHGDQGLAADPIKAYFNGTAGQSFGVWNAGGVELYLTGDANDYVGKGMAGGLIAIRPPVGSAFRSHEASIIGNTCLYGATGGRLYAAGRAGERFGVRNSGAITVVEGIGDNGCEYMTGGIVCILGKTGVNFGAGMTGGFAYVLDESGDFRKRVNPELVEVLSVDALAIHEEHLRGLITEHVQHTGSQRGEEILANWSTFATKFALVKPKSSDVKALLGHRSRSAAELRVQAQ;b3212
P22259;MRVNNGLTPQELEAYGISDVHDIVYNPSYDLLYQEELDPSLTGYERGVLTNLGAVAVDTGIFTGRSPKDKYIVRDDTTRDTFWWADKGKGKNDNKPLSPETWQHLKGLVTRQLSGKRLFVVDAFCGANPDTRLSVRFITEVAWQAHFVKNMFIRPSDEELAGFKPDFIVMNGAKCTNPQWKEQGLNSENFVAFNLTERMQLIGGTWYGGEMKKGMFSMMNYLLPLKGIASMHCSANVGEKGDVAVFFGLSGTGKTTLSTDPKRRLIGDDEHGWDDDGVFNFEGGCYAKTIKLSKEAEPEIYNAIRRDALLENVTVREDGTIDFDDGSKTENTRVSYPIYHIDNIVKPVSKAGHATKVIFLTADAFGVLPPVSRLTADQTQYHFLSGFTAKLAGTERGITEPTPTFSACFGAAFLSLHPTQYAEVLVKRMQAAGAQAYLVNTGWNGTGKRISIKDTRAIIDAILNGSLDNAETFTLPMFNLAIPTELPGVDTKILDPRNTYASPEQWQEKAETLAKLFIDNFDKYTDTPAGAALVAAGPKL;b3403
P0AFC7;MDYTLTRIDPNGENDRYPLQKQEIVTDPLEQEVNKNVFMGKLNDMVNWGRKNSIWPYNFGLSCCYVEMVTSFTAVHDVARFGAEVLRASPRQADLMVVAGTCFTKMAPVIQRLYDQMLEPKWVISMGACANSGGMYDIYSVVQGVDKFIPVDVYIPGCPPRPEAYMQALMLLQESIGKERRPLSWVVGDQGVYRANMQSERERKRGERIAVTNLRTPDEI;b2287
P23538;MSNNGSSPLVLWYNQLGMNDVDRVGGKNASLGEMITNLSGMGVSVPNGFATTADAFNQFLDQSGVNQRIYELLDKTDIDDVTQLAKAGAQIRQWIIDTPFQPELENAIREAYAQLSADDENASFAVRSSATAEDMPDASFAGQQETFLNVQGFDAVLVAVKHVFASLFNDRAISYRVHQGYDHRGVALSAGVQRMVRSDLASSGVMFSIDTESGFDQVVFITSAWGLGEMVVQGAVNPDEFYVHKPTLAANRPAIVRRTMGSKKIRMVYAPTQEHGKQVKIEDVPQEQRDIFSLTNEEVQELAKQAVQIEKHYGRPMDIEWAKDGHTGKLFIVQARPETVRSRGQVMERYTLHSQGKIIAEGRAIGHRIGAGPVKVIHDISEMNRIEPGDVLVTDMTDPDWEPIMKKASAIVTNRGGRTCHAAIIARELGIPAVVGCGDATERMKDGENVTVSCAEGDTGYVYAELLEFSVKSSSVETMPDLPLKVMMNVGNPDRAFDFACLPNEGVGLARLEFIINRMIGVHPRALLEFDDQEPQLQNEIREMMKGFDSPREFYVGRLTEGIATLGAAFYPKRVIVRLSDFKSNEYANLVGGERYEPDEENPMLGFRGAGRYVSDSFRDCFALECEAVKRVRNDMGLTNVEIMIPFVRTVDQAKAVVEELARQGLKRGENGLKIIMMCEIPSNALLAEQFLEYFDGFSIGSNDMTQLALGLDRDSGVVSELFDERNDAVKALLSMAIRAAKKQGKYVGICGQGPSDHEDFAAWLMEEGIDSLSLNPDTVVQTWLSLAELKK;b1702
P00350;MSKQQIGVVGMAVMGRNLALNIESRGYTVSIFNRSREKTEEVIAENPGKKLVPYYTVKEFVESLETPRRILLMVKAGAGTDAAIDSLKPYLDKGDIIIDGGNTFFQDTIRRNRELSAEGFNFIGTGVSGGEEGALKGPSIMPGGQKEAYELVAPILTKIAAVAEDGEPCVTYIGADGAGHYVKMVHNGIEYGDMQLIAEAYSLLKGGLNLTNEELAQTFTEWNNGELSSYLIDITKDIFTKKDEDGNYLVDVILDEAANKGTGKWTSQSALDLGEPLSLITESVFARYISSLKDQRVAASKVLSGPQAQPAGDKAEFIEKVRRALYLGKIVSYAQGFSQLRAASEEYNWDLNYGEIAKIFRAGCIIRAQFLQKITDAYAENPQIANLLLAPYFKQIADDYQQALRDVVAYAVQNGIPVPTFSAAVAYYDSYRAAVLPANLIQAQRDYFGAHTYKRIDKEGVFHTEWLD;b2029
P52697;MKQTVYIASPESQQIHVWNLNHEGALTLTQVVDVPGQVQPMVVSPDKRYLYVGVRPEFRVLAYRIAPDDGALTFAAESALPGSPTHISTDHQGQFVFVGSYNAGNVSVTRLEDGLPVGVVDVVEGLDGCHSANISPDNRTLWVPALKQDRICLFTVSDDGHLVAQDPAEVTTVEGAGPRHMVFHPNEQYAYCVNELNSSVDVWELKDPHGNIECVQTLDMMPENFSDTRWAADIHITPDGRHLYACDRTASLITVFSVSEDGSVLSKEGFQPTETQPRGFNVDHSGKYLIAAGQKSHHISVYEIVGEQGLLHEKGRYAVGQGPMWVVVNAH;b0767
P68699;MENLNMDLLYMAAAVMMGLAAIGAAIGIGILGGKFLEGAARQPDLIPLLRTQFFIVMGLVDAIPMIAVGLGLYVMFAVA;b3737
P0A867;MNELDGIKQFTTVVADSGDIESIRHYHPQDATTNPSLLLKAAGLSQYEHLIDDAIAWGKKNGKTQEQQVVAACDKLAVNFGAEILKIVPGRVSTEVDARLSFDKEKSIEKARHLVDLYQQQGVEKSRILIKLASTWEGIRAAEELEKEGINCNLTLLFSFAQARACAEAGVFLISPFVGRIYDWYQARKPMDPYVVEEDPGVKSVRNIYDYYKQHHYETIVMGASFRRTEQILALTGCDRLTIAPNLLKELQEKVSPVVRKLIPPSQTFPRPAPMSEAEFRWEHNQDAMAVEKLSEGIRLFAVDQRKLEDLLAAKL;b2464
P0AB98;MASENMTPQDYIGHHLNNLQLDLRTFSLVDPQNPPATFWTINIDSMFFSVVLGLLFLVLFRSVAKKATSGVPGKFQTAIELVIGFVNGSVKDMYHGKSKLIAPLALTIFVWVFLMNLMDLLPIDLLPYIAEHVLGLPALRVVPSADVNVTLSMALGVFILILFYSIKMKGIGGFTKELTLQPFNHWAFIPVNLILEGVSLLSKPVSLGLRLFGNMYAGELIFILIAGLLPWWSQWILNVPWAIFHILIITLQAFIFMVLTIVYLSMASEEH;b3738
P0ABA0;MNLNATILGQAIAFVLFVLFCMKYVWPPLMAAIEKRQKEIADGLASAERAHKDLDLAKASATDQLKKAKAEAQVIIEQANKRRSQILDEAKAEAEQERTKIVAQAQAEIEAERKRAREELRKQVAILAVAGAEKIIERSVDEAANSDIVDKLVAEL;b3736
P77704;MLADIRYWENDATNKHYAIAHFNVWNAEMLMGVIDAAEEAKSPVIISFGTGFVGNTSFEDFSHMMVSMAQKATVPVITHWDHGRSMEIIHNAWTHGMNSLMRDASAFDFEENIRLTKEAVDFFHPLGIPVEAELGHVGNETVYEEALAGYHYTDPDQAAEFVERTGCDSLAVAIGNQHGVYTSEPQLNFEVVKRVRDAVSVPLVLHGASGISDADIKTAISLGIAKINIHTELCQAAMVAVKENQDQPFLHLEREVRKAVKERALEKIKLFGSDGKAE;b1773
P0ABB4;MATGKIVQVIGAVVDVEFPQDAVPRVYDALEVQNGNERLVLEVQQQLGGGIVRTIAMGSSDGLRRGLDVKDLEHPIEVPVGKATLGRIMNVLGEPVDMKGEIGEEERWAIHRAAPSYEELSNSQELLETGIKVIDLMCPFAKGGKVGLFGGAGVGKTVNMMELIRNIAIEHSGYSVFAGVGERTREGNDFYHEMTDSNVIDKVSLVYGQMNEPPGNRLRVALTGLTMAEKFRDEGRDVLLFVDNIYRYTLAGTEVSALLGRMPSAVGYQPTLAEEMGVLQERITSTKTGSITSVQAVYVPADDLTDPSPATTFAHLDATVVLSRQIASLGIYPAVDPLDSTSRQLDPLVVGQEHYDTARGVQSILQRYQELKDIIAILGMDELSEEDKLVVARARKIQRFLSQPFFVAEVFTGSPGKYVSLKDTIRGFKGIMEGEYDHLPEQAFYMVGSIEEAVEKAKKL;b3732
P0A8Q3;MINPNPKRSDEPVFWGLFGAGGMWSAIIAPVMILLVGILLPLGLFPGDALSYERVLAFAQSFIGRVFLFLMIVLPLWCGLHRMHHAMHDLKIHVPAGKWVFYGLAAILTVVTLIGVVTI;b4151
P09832;MSQNVYQFIDLQRVDPPKKPLKIRKIEFVEIYEPFSEGQAKAQADRCLSCGNPYCEWKCPVHNYIPNWLKLANEGRIFEAAELSHQTNTLPEVCGRVCPQDRLCEGSCTLNDEFGAVTIGNIERYINDKAFEMGWRPDMSGVKQTGKKVAIIGAGPAGLACADVLTRNGVKAVVFDRHPEIGGLLTFGIPAFKLEKEVMTRRREIFTGMGIEFKLNTEVGRDVQLDDLLSDYDAVFLGVGTYQSMRGGLENEDADGVYAALPFLIANTKQLMGFGETRDEPFVSMEGKRVVVLGGGDTAMDCVRTSVRQGAKHVTCAYRRDEENMPGSRREVKNAREEGVEFKFNVQPLGIEVNGNGKVSGVKMVRTEMGEPDAKGRRRAEIVAGSEHIVPADAVIMAFGFRPHNMEWLAKHSVELDSQGRIIAPEGSDNAFQTSNPKIFAGGDIVRGSDLVVTAIAEGRKAADGIMNWLEV;b3213
P33602;MATIHVDGKEYEVNGADNLLEACLSLGLDIPYFCWHPALGSVGACRQCAVKQYQNAEDTRGRLVMSCMTPASDGTFISIDDEEAKQFRESVVEWLMTNHPHDCPVCEEGGNCHLQDMTVMTGHSFRRYRFTKRTHRNQDLGPFISHEMNRCIACYRCVRYYKDYADGTDLGVYGAHDNVYFGRPEDGTLESEFSGNLVEICPTGVFTDKTHSERYNRKWDMQFAPSICQQCSIGCNISPGERYGELRRIENRYNGTVNHYFLCDRGRFGYGYVNLKDRPRQPVQRRGDDFITLNAEQAMQGAADILRQSKKVIGIGSPRASVESNFALRELVGEENFYTGIAHGEQERLQLALKVLREGGIYTPALREIESYDAVLVLGEDVTQTGARVALAVRQAVKGKAREMAAAQKVADWQIAAILNIGQRAKHPLFVTNVDDTRLDDIAAWTYRAPVEDQARLGFAIAHALDNSAPAVDGIEPELQSKIDVIVQALAGAKKPLIISGTNAGSLEVIQAAANVAKALKGRGADVGITMIARSVNSMGLGIMGGGSLEEALTELETGRADAVVVLENDLHRHASAIRVNAALAKAPLVMVVDHQRTAIMENAHLVLSAASFAESDGTVINNEGRAQRFFQVYDPAYYDSKTVMLESWRWLHSLHSTLLSREVDWTQLDHVIDAVVAKIPELAGIKDAAPDATFRIRGQKLAREPHRYSGRTAMRANISVHEPRQPQDIDTMFTFSMEGNNQPTAHRSQVPFAWAPGWNSPQAWNKFQDEVGGKLRFGDPGVRLFETSENGLDYFTSVPARFQPQDGKWRIAPYYHLFGSDELSQRAPVFQSRMPQPYIKLNPADAAKLGVNAGTRVSFSYDGNTVTLPVEIAEGLTAGQVGLPMGMSGIAPVLAGAHLEDLKEAQQ;b2283
P37689;MLVSKKPMVLVILDGYGYREEQQDNAIFSAKTPVMDALWANRPHTLIDASGLEVGLPDRQMGNSEVGHVNLGAGRIVYQDLTRLDVEIKDRAFFANPVLTGAVDKAKNAGKAVHIMGLLSAGGVHSHEDHIMAMVELAAERGAEKIYLHAFLDGRDTPPRSAESSLKKFEEKFAALGKGRVASIIGRYYAMDRDNRWDRVEKAYDLLTLAQGEFQADTAVAGLQAAYARDENDEFVKATVIRAEGQPDAAMEDGDALIFMNFRADRAREITRAFVNADFDGFARKKVVNVDFVMLTEYAADIKTAVAYPPASLVNTFGEWMAKNDKTQLRISETEKYAHVTFFFNGGVEESFKGEDRILINSPKVATYDLQPEMSSAELTEKLVAAIKSGKYDTIICNYPNGDMVGHTGVMEAAVKAVEALDHCVEEVAKAVESVGGQLLITADHGNAEQMRDPATGQAHTAHTNLPVPLIYVGDKNVKAVEGGKLSDIAPTMLSLMGMEIPQEMTGKPLFIVE;b3612
P0AC44;MVSNASALGRNGVHDFILVRATAIVLTLYIIYMVGFFATSGELTYEVWIGFFASAFTKVFTLLALFSILIHAWIGMWQVLTDYVKPLALRLMLQLVIVVALVVYVIYGFVVVWGV;b0722
P0AB67;MSGGLVTAAYIVAAILFIFSLAGLSKHETSRQGNNFGIAGMAIALIATIFGPDTGNVGWILLAMVIGGAIGIRLAKKVEMTEMPELVAILHSFVGLAAVLVGFNSYLHHDAGMAPILVNIHLTEVFLGIFIGAVTFTGSVVAFGKLCGKISSKPLMLPNRHKMNLAALVVSFLLLIVFVRTDSVGLQVLALLIMTAIALVFGWHLVASIGGADMPVVVSMLNSYSGWAAAAAGFMLSNDLLIVTGALVGSSGAILSYIMCKAMNRSFISVIAGGFGTDGSSTGDDQEVGEHREITAEETAELLKNSHSVIITPGYGMAVAQAQYPVAEITEKLRARGINVRFGIHPVAGRLPGHMNVLLAEAKVPYDIVLEMDEINDDFADTDTVLVIGANDTVNPAAQDDPKSPIAGMPVLEVWKAQNVIVFKRSMNTGYAGVQNPLFFKENTHMLFGDAKASVDAILKAL;b1602
P0AFF0;MTITPQNLIALLPLLIVGLTVVVVMLSIAWRRNHFLNATLSVIGLNAALVSLWFVGQAGAMDVTPLMRVDGFAMLYTGLVLLASLATCTFAYPWLEGYNDNKDEFYLLVLIAALGGILLANANHLASLFLGIELISLPLFGLVGYAFRQKRSLEASIKYTILSAAASSFLLFGMALVYAQSGDLSFVALGKNLGDGMLNEPLLLAGFGLMIVGLGFKLSLVPFHLWTPDVYQGAPAPVSTFLATASKIAIFGVVMRLFLYAPVGDSEAIRVVLAIIAFASIIFGNLMALSQTNIKRLLGYSSISHLGYLLVALIALQTGEMSMEAVGVYLAGYLFSSLGAFGVVSLMSSPYRGPDADSLFSYRGLFWHRPILAAVMTVMMLSLAGIPMTLGFIGKFYVLAVGVQAHLWWLVGAVVVGSAIGLYYYLRVAVSLYLHAPEQPGRDAPSNWQYSAGGIVVLISALLVLVLGVWPQPLISIVRLAMPLM;b2276
P0AC41;MKLPVREFDAVVIGAGGAGMRAALQISQSGQTCALLSKVFPTRSHTVSAQGGITVALGNTHEDNWEWHMYDTVKGSDYIGDQDAIEYMCKTGPEAILELEHMGLPFSRLDDGRIYQRPFGGQSKNFGGEQAARTAAAADRTGHALLHTLYQQNLKNHTTIFSEWYALDLVKNQDGAVVGCTALCIETGEVVYFKARATVLATGGAGRIYQSTTNAHINTGDGVGMAIRAGVPVQDMEMWQFHPTGIAGAGVLVTEGCRGEGGYLLNKHGERFMERYAPNAKDLAGRDVVARSIMIEIREGRGCDGPWGPHAKLKLDHLGKEVLESRLPGILELSRTFAHVDPVKEPIPVIPTCHYMMGGIPTKVTGQALTVNEKGEDVVVPGLFAVGEIACVSVHGANRLGGNSLLDLVVFGRAAGLHLQESIAEQGALRDASESDVEASLDRLNRWNNNRNGEDPVAIRKALQECMQHNFSVFREGDAMAKGLEQLKVIRERLKNARLDDTSSEFNTQRVECLELDNLMETAYATAVSANFRTESRGAHSRFDFPDRDDENWLCHSLYLPESESMTRRSVNMEPKLRPAFPPKIRTY;b0723
P0A9C5;MSAEHVLTMLNEHEVKFVDLRFTDTKGKEQHVTIPAHQVNAEFFEEGKMFDGSSIGGWKGINESDMVLMPDASTAVIDPFFADSTLIIRCDILEPGTLQGYDRDPRSIAKRAEDYLRSTGIADTVLFGPEPEFFLFDDIRFGSSISGSHVAIDDIEGAWNSSTQYEGGNKGHRPAVKGGYFPVPPVDSAQDIRSEMCLVMEQMGLVVEAHHHEVATAGQNEVATRFNTMTKKADEIQIYKYVVHNVAHRFGKTATFMPKPMFGDNGSGMHCHMSLSKNGVNLFAGDKYAGLSEQALYYIGGVIKHAKAINALANPTTNSYKRLVPGYEAPVMLAYSARNRSASIRIPVVSSPKARRIEVRFPDPAANPYLCFAALLMAGLDGIKNKIHPGEAMDKNLYDLPPEEAKEIPQVAGSLEEALNELDLDREFLKAGGVFTDEAIDAYIALRREEDDRVRMTPHPVEFELYYSV;b3870
P0ABB0;MQLNSTEISELIKQRIAQFNVVSEAHNEGTIVSVSDGVIRIHGLADCMQGEMISLPGNRYAIALNLERDSVGAVVMGPYADLAEGMKVKCTGRILEVPVGRGLLGRVVNTLGAPIDGKGPLDHDGFSAVEAIAPGVIERQSVDQPVQTGYKAVDSMIPIGRGQRELIIGDRQTGKTALAIDAIINQRDSGIKCIYVAIGQKASTISNVVRKLEEHGALANTIVVVATASESAALQYLAPYAGCAMGEYFRDRGEDALIIYDDLSKQAVAYRQISLLLRRPPGREAFPGDVFYLHSRLLERAARVNAEYVEAFTKGEVKGKTGSLTALPIIETQAGDVSAFVPTNVISITDGQIFLETNLFNAGIRPAVNPGISVSRVGGAAQTKIMKKLSGGIRTALAQYRELAAFSQFASDLDDATRKQLDHGQKVTELLKQKQYAPMSVAQQSLVLFAAERGYLADVELSKIGSFEAALLAYVDRDHAPLMQEINQTGGYNDEIEGKLKGILDSFKATQSW;b3734
P26458;MFDYETLRFIWWLLIGVILVVFMISDGFDMGIGCLLPLVARNDDERRIVINSVGAHWEGNQVWLILAGGALFAAWPRVYAAAFSGFYVAMILVLCSLFFRPLAFDYRGKIADARWRKMWDAGLVIGSLVPPVVFGIAFGNLLLGVPFAFTPQLRVEYLGSFWQLLTPFPLLCGLLSLGMVILQGGVWLQLKTVGVIHLRSQLATKRAALLVMLCFLLAGYWLWVGIDGFVLLAQDANGPSNPLMKLVAVLPGAWMNNFVESPVLWIFPLLGFFCPLLTVMAIYRGRPGWGFLMASLMQFGVIFTAGITLFPFVMPSSVSPISSLTLWDSTSSQLTLSIMLVIVLIFLPIVLLYTLWSYYKMWGRMTTETLRRNENELY;b0979
P0A9N4;MSVIGRIHSFESCGTVDGPGIRFITFFQGCLMRCLYCHNRDTWDTHGGKEVTVEDLMKEVVTYRHFMNASGGGVTASGGEAILQAEFVRDWFRACKKEGIHTCLDTNGFVRRYDPVIDELLEVTDLVMLDLKQMNDEIHQNLVGVSNHRTLEFAKYLANKNVKVWIRYVVVPGWSDDDDSAHRLGEFTRDMGNVEKIELLPYHELGKHKWVAMGEEYKLDGVKPPKKETMERVKGILEQYGHKVMF;b0902
P0A6A3;MSSKLVLVLNCGSSSLKFAIIDAVNGEEYLSGLAECFHLPEARIKWKMDGNKQEAALGAGAAHSEALNFIVNTILAQKPELSAQLTAIGHRIVHGGEKYTSSVVIDESVIQGIKDAASFAPLHNPAHLIGIEEALKSFPQLKDKNVAVFDTAFHQTMPEESYLYALPYNLYKEHGIRRYGAHGTSHFYVTQEAAKMLNKPVEELNIITCHLGNGGSVSAIRNGKCVDTSMGLTPLEGLVMGTRSGDIDPAIIFHLHDTLGMSVDAINKLLTKESGLLGLTEVTSDCRYVEDNYATKEDAKRAMDVYCHRLAKYIGAYTALMDGRLDAVVFTGGIGENAAMVRELSLGKLGVLGFEVDHERNLAARFGKSGFINKEGTRPAVVIPTNEELVIAQDASRLTA;b2296
P0AC53;MAVTQTAQACDLVIFGAKGDLARRKLLPSLYQLEKAGQLNPDTRIIGVGRADWDKAAYTKVVREALETFMKETIDEGLWDTLSARLDFCNLDVNDTAAFSRLGAMLDQKNRITINYFAMPPSTFGAICKGLGEAKLNAKPARVVMEKPLGTSLATSQEINDQVGEYFEECQVYRIDHYLGKETVLNLLALRFANSLFVNNWDNRTIDHVEITVAEEVGIEGRWGYFDKAGQMRDMIQNHLLQILCMIAMSPPSDLSADSIRDEKVKVLKSLRRIDRSNVREKTVRGQYTAGFAQGKKVPGYLEEEGANKSSNTETFVAIRVDIDNWRWAGVPFYLRTGKRLPTKCSEVVVYFKTPELNLFKESWQDLPQNKLTIRLQPDEGVDIQVLNKVPGLDHKHNLQITKLDLSYSETFNQTHLADAYERLLLETMRGIQALFVRRDEVEEAWKWVDSITEAWAMDNDAPKPYQAGTWGPVASVAMITRDGRSWNEFE;b1852
P0A9C9;MRRELAIEFSRVTESAALAGYKWLGRGDKNTADGAAVNAMRIMLNQVNIDGTIVIGEGEIDEAPMLYIGEKVGTGRGDAVDIAVDPIEGTRMTAMGQANALAVLAVGDKGCFLNAPDMYMEKLIVGPGAKGTIDLNLPLADNLRNVAAALGKPLSELTVTILAKPRHDAVIAEMQQLGVRVFAIPDGDVAASILTCMPDSEVDVLYGIGGAPEGVVSAAVIRALDGDMNGRLLARHDVKGDNEENRRIGEQELARCKAMGIEAGKVLRLGDMARSDNVIFSATGITKGDLLEGISRKGNIATTETLLIRGKSRTIRRIQSIHYLDRKDPEMQVHIL;b3925
P68066;MITGIQITKAANDDLLNSFWLLDSEKGEARCIVAKAGYAEDEVVAVSKLGDIEYREVPVEVKPEVRVEGGQHLNVNVLRRETLEDAVKHPEKYPQLTIRVSGYAVRFNSLTPEQQRDVIARTFTESL;b2579
P69441;MRIILLGAPGAGKGTQAQFIMEKYGIPQISTGDMLRAAVKSGSELGKQAKDIMDAGKLVTDELVIALVKERIAQEDCRNGFLLDGFPRTIPQADAMKEAGINVDYVLEFDVPDELIVDRIVGRRVHAPSGRVYHVKFNPPKVEGKDDVTGEELTTRKDDQEETVRKRLVEYHQMTAPLIGYYSKEAEAGNTKYAKVDGTKPVAEVRADLEKILG;b0474
P42632;MKVDIDTSDKLYADAWLGFKGTDWKNEINVRDFIQHNYTPYEGDESFLAEATPATTELWEKVMEGIRIENATHAPVDFDTNIATTITAHDAGYINQPLEKIVGLQTDAPLKRALHPFGGINMIKSSFHAYGREMDSEFEYLFTDLRKTHNQGVFDVYSPDMLRCRKSGVLTGLPDGYGRGRIIGDYRRVALYGISYLVRERELQFADLQSRLEKGEDLEATIRLREELAEHRHALLQIQEMAAKYGFDISRPAQNAQEAVQWLYFAYLAAVKSQNGGAMSLGRTASFLDIYIERDFKAGVLNEQQAQELIDHFIMKIRMVRFLRTPEFDSLFSGDPIWATEVIGGMGLDGRTLVTKNSFRYLHTLHTMGPAPEPNLTILWSEELPIAFKKYAAQVSIVTSSLQYENDDLMRTDFNSDDYAIACCVSPMVIGKQMQFFGARANLAKTLLYAINGGVDEKLKIQVGPKTAPLMDDVLDYDKVMDSLDHFMDWLAVQYISALNIIHYMHDKYSYEASLMALHDRDVYRTMACGIAGLSVATDSLSAIKYARVKPIRDENGLAVDFEIDGEYPQYGNNDERVDSIACDLVERFMKKIKALPTYRNAVPTQSILTITSNVVYGQKTGNTPDGRRAGTPFAPGANPMHGRDRKGAVASLTSVAKLPFTYAKDGISYTFSIVPAALGKEDPVRKTNLVGLLDGYFHHEADVEGGQHLNVNVMNREMLLDAIEHPEKYPNLTIRVSGYAVRFNALTREQQQDVISRTFTQAL;b3114
P09373;MSELNEKLATAWEGFTKGDWQNEVNVRDFIQKNYTPYEGDESFLAGATEATTTLWDKVMEGVKLENRTHAPVDFDTAVASTITSHDAGYINKQLEKIVGLQTEAPLKRALIPFGGIKMIEGSCKAYNRELDPMIKKIFTEYRKTHNQGVFDVYTPDILRCRKSGVLTGLPDAYGRGRIIGDYRRVALYGIDYLMKDKLAQFTSLQADLENGVNLEQTIRLREEIAEQHRALGQMKEMAAKYGYDISGPATNAQEAIQWTYFGYLAAVKSQNGAAMSFGRTSTFLDVYIERDLKAGKITEQEAQEMVDHLVMKLRMVRFLRTPEYDELFSGDPIWATESIGGMGLDGRTLVTKNSFRFLNTLYTMGPSPEPNMTILWSEKLPLNFKKFAAKVSIDTSSLQYENDDLMRPDFNNDDYAIACCVSPMIVGKQMQFFGARANLAKTMLYAINGGVDEKLKMQVGPKSEPIKGDVLNYDEVMERMDHFMDWLAKQYITALNIIHYMHDKYSYEASLMALHDRDVIRTMACGIAGLSVAADSLSAIKYAKVKPIRDEDGLAIDFEIEGEYPQFGNNDPRVDDLAVDLVERFMKKIQKLHTYRDAIPTQSVLTITSNVVYGKKTGNTPDGRRAGAPFGPGANPMHGRDQKGAVASLTSVAKLPFAYAKDGISYTFSIVPNALGKDDEVRKTNLAGLMDGYFHHEASIEGGQHLNVNVMNREMLLDAMENPEKYPQLTIRVSGYAVRFNSLTKEQQQDVITRTFTQSM;b0903
P0ABH7;MADTKAKLTLNGDTAVELDVLKGTLGQDVIDIRTLGSKGVFTFDPGFTSTASCESKITFIDGDEGILLHRGFPIDQLATDSNYLEVCYILLNGEKPTQEQYDEFKTTVTRHTMIHEQITRLFHAFRRDSHPMAVMCGITGALAAFYHDSLDVNNPRHREIAAFRLLSKMPTMAAMCYKYSIGQPFVYPRNDLSYAGNFLNMMFSTPCEPYEVNPILERAMDRILILHADHEQNASTSTVRTAGSSGANPFACIAAGIASLWGPAHGGANEAALKMLEEISSVKHIPEFVRRAKDKNDSFRLMGFGHRVYKNYDPRATVMRETCHEVLKELGTKDDLLEVAMELENIALNDPYFIEKKLYPNVDFYSGIILKAMGIPSSMFTVIFAMARTVGWIAHWSEMHSDGMKIARPRQLYTGYEKRDFKSDIKR;b0720
P0AFC3;MSMSTSTEVIAHHWAFAIFLIVAIGLCCLMLVGGWFLGGRARARSKNVPFESGIDSVGSARLRLSAKFYLVAMFFVIFDVEALYLFAWSTSIRESGWVGFVEAAIFIFVLLAGLVYLVRIGALDWTPARSRRERMNPETNSIANRQR;b2288
P0AD61;MKKTKIVCTIGPKTESEEMLAKMLDAGMNVMRLNFSHGDYAEHGQRIQNLRNVMSKTGKTAAILLDTKGPEIRTMKLEGGNDVSLKAGQTFTFTTDKSVIGNSEMVAVTYEGFTTDLSVGNTVLVDDGLIGMEVTAIEGNKVICKVLNNGDLGENKGVNLPGVSIALPALAEKDKQDLIFGCEQGVDFVAASFIRKRSDVIEIREHLKAHGGENIHIISKIENQEGLNNFDEILEASDGIMVARGDLGVEIPVEEVIFAQKMMIEKCIRARKVVITATQMLDSMIKNPRPTRAEAGDVANAILDGTDAVMLSGESAKGKYPLEAVSIMATICERTDRVMNSRLEFNNDNRKLRITEAVCRGAVETAEKLDAPLIVVATQGGKSARAVRKYFPDATILALTTNEKTAHQLVLSKGVVPQLVKEITSTDDFYRLGKELALQSGLAHKGDVVVMVSGALVPSGTTNTASVHVL;b1676
P39451;MKAAVVTKDHHVDVTYKTLRSLKHGEALLKMECCGVCHTDLHVKNGDFGDKTGVILGHEGIGVVAEVGPGVTSLKPGDRASVAWFYEGCGHCEYCNSGNETLCRSVKNAGYSVDGGMAEECIVVADYAVKVPDGLDSAAASSITCAGVTTYKAVKLSKIRPGQWIAIYGLGGLGNLALQYAKNVFNAKVIAIDVNDEQLKLATEMGADLAINSHTEDAAKIVQEKTGGAHAAVVTAVAKAAFNSAVDAVRAGGRVVAVGLPPESMSLDIPRLVLDGIEVVGSLVGTRQDLTEAFQFAAEGKVVPKVALRPLADINTIFTEMEEGKIRGRMVIDFRH;b1478
P21599;MSRRLRRTKIVTTLGPATDRDNNLEKVIAAGANVVRMNFSHGSPEDHKMRADKVREIAAKLGRHVAILGDLQGPKIRVSTFKEGKVFLNIGDKFLLDANLGKGEGDKEKVGIDYKGLPADVVPGDILLLDDGRVQLKVLEVQGMKVFTEVTVGGPLSNNKGINKLGGGLSAEALTEKDKADIKTAALIGVDYLAVSFPRCGEDLNYARRLARDAGCDAKIVAKVERAEAVCSQDAMDDIILASDVVMVARGDLGVEIGDPELVGIQKALIRRARQLNRAVITATQMMESMITNPMPTRAEVMDVANAVLDGTDAVMLSAETAAGQYPSETVAAMARVCLGAEKIPSINVSKHRLDVQFDNVEEAIAMSAMYAANHLKGVTAIITMTESGRTALMTSRISSGLPIFAMSRHERTLNLTALYRGVTPVHFDSANDGVAAASEAVNLLRDKGYLMSGDLVIVTQGDVMSTVGSTNTTRILTVE;b1854
P0A6P9;MSKIVKIIGREIIDSRGNPTVEAEVHLEGGFVGMAAAPSGASTGSREALELRDGDKSRFLGKGVTKAVAAVNGPIAQALIGKDAKDQAGIDKIMIDLDGTENKSKFGANAILAVSLANAKAAAAAKGMPLYEHIAELNGTPGKYSMPVPMMNIINGGEHADNNVDIQEFMIQPVGAKTVKEAIRMGSEVFHHLAKVLKAKGMNTAVGDEGGYAPNLGSNAEALAVIAEAVKAAGYELGKDITLAMDCAASEFYKDGKYVLAGEGNKAFTSEEFTHFLEELTKQYPIVSIEDGLDESDWDGFAYQTKVLGDKIQLVGDDLFVTNTKILKEGIEKGIANSILIKFNQIGSLTETLAAIKMAKDAGYTAVISHRSGETEDATIADLAVGTAAGQIKTGSMSRSDRVAKYNQLIRIEEALGEKAPYNGRKEIKGQA;b2779
